#	Name	SMILES	Epsilon	Solvent	Absorption	Quantum Yield	Emission	Solvent.1	exactmw	lipinskiHBA	lipinskiHBD	NumRotatableBonds	NumHBD	NumHBA	NumHeteroatoms	NumAmideBonds	FractionCSP3	NumRings	NumAromaticRings	NumAliphaticRings	NumSaturatedRings	NumHeterocycles	NumAromaticHeterocycles	NumSaturatedHeterocycles	NumAliphaticHeterocycles	NumSpiroAtoms	NumBridgeheadAtoms	NumAtomStereoCenters	NumUnspecifiedAtomStereoCenters	labuteASA	tpsa	CrippenClogP	CrippenMR
1	Benzene	C1=CC=CC=C1	210	cyclohexane	254.75	0.053	287.0	hexane	78.046950192	0.0	0.0	0.0	0.0	0.0	0.0	0.0	0.0	1.0	1.0	0.0	0.0	0.0	0.0	0.0	0.0	0.0	0.0	0.0	0.0	37.43140311949697	0.0	1.6866	26.441999999999993
2	Toluene	CC1=CC=CC=C1	2860	cyclohexane	261.75	0.17	289.5	cyclohexane	92.062600256	0.0	0.0	0.0	0.0	0.0	0.0	0.0	0.14285714285714285	1.0	1.0	0.0	0.0	0.0	0.0	0.0	0.0	0.0	0.0	0.0	0.0	43.79634523389357	0.0	1.99502	31.17899999999999
3	o-Xylene	CC1=CC=CC=C1C	254	cyclohexane	263.0	0.17	291.0	hexane	106.07825032	0.0	0.0	0.0	0.0	0.0	0.0	0.0	0.25	1.0	1.0	0.0	0.0	0.0	0.0	0.0	0.0	0.0	0.0	0.0	0.0	50.16128734829018	0.0	2.30344	35.916
4	m-Xylene	CC1=CC(=CC=C1)C	284	cyclohexane	265.0	0.13	290.0	hexane	106.07825032	0.0	0.0	0.0	0.0	0.0	0.0	0.0	0.25	1.0	1.0	0.0	0.0	0.0	0.0	0.0	0.0	0.0	0.0	0.0	0.0	50.16128734829018	0.0	2.30344	35.916000000000004
5	p-Xylene	CC1=CC=C(C=C1)C	770	cyclohexane	275.0	0.22	291.0	hexane	106.07825032	0.0	0.0	0.0	0.0	0.0	0.0	0.0	0.25	1.0	1.0	0.0	0.0	0.0	0.0	0.0	0.0	0.0	0.0	0.0	0.0	50.16128734829018	0.0	2.30344	35.916
6	Mesitylene	CC1=CC(=CC(=C1)C)C	190	cyclohexane	265.0	0.08800000000000001	290.0	hexane	120.093900384	0.0	0.0	0.0	0.0	0.0	0.0	0.0	0.3333333333333333	1.0	1.0	0.0	0.0	0.0	0.0	0.0	0.0	0.0	0.0	0.0	0.0	56.52622946268678	0.0	2.611860000000001	40.65300000000001
7	Durene	CC1=CC(=C(C=C1C)C)C	214	cyclohexane	278.0	0.3	295.0	hexane	134.109550448	0.0	0.0	0.0	0.0	0.0	0.0	0.0	0.4	1.0	1.0	0.0	0.0	0.0	0.0	0.0	0.0	0.0	0.0	0.0	0.0	62.89117157708339	0.0	2.920280000000001	45.39000000000002
8	Pentamethylbenzene	CC1=CC(=C(C(=C1C)C)C)C	629	cyclohexane	271.0	0.075	295.0	hexane	148.125200512	0.0	0.0	0.0	0.0	0.0	0.0	0.0	0.45454545454545453	1.0	1.0	0.0	0.0	0.0	0.0	0.0	0.0	0.0	0.0	0.0	0.0	69.25611369147998	0.0	3.2287000000000017	50.12700000000003
9	Hexamethylbenzene	CC1=C(C(=C(C(=C1C)C)C)C)C	214	cyclohexane	271.0	0.01	298.0	hexane	162.140850576	0.0	0.0	0.0	0.0	0.0	0.0	0.0	0.5	1.0	1.0	0.0	0.0	0.0	0.0	0.0	0.0	0.0	0.0	0.0	0.0	75.6210558058766	0.0	3.5371200000000025	54.86400000000003
10	Phenol	C1=CC=C(C=C1)O	2340	cyclohexane	270.75	0.075	291.5	hexane	94.041864812	1.0	1.0	0.0	1.0	1.0	1.0	0.0	0.0	1.0	1.0	0.0	0.0	0.0	0.0	0.0	0.0	0.0	0.0	0.0	0.0	42.22563687169298	20.23	1.3921999999999997	28.106799999999993
11	Anisole	COC1=CC=CC=C1	7800	cyclohexane	220.0	0.45	295.0	cyclohexane	108.057514876	1.0	0.0	1.0	0.0	1.0	1.0	0.0	0.14285714285714285	1.0	1.0	0.0	0.0	0.0	0.0	0.0	0.0	0.0	0.0	0.0	0.0	48.90989046340045	9.23	1.6952	32.99399999999999
12	Benzonitrile	C1=CC=C(C=C1)C#N	13100	cyclohexane	222.0	0.23	295.0	cyclohexane	103.04219916	1.0	0.0	0.0	0.0	1.0	1.0	0.0	0.0	1.0	1.0	0.0	0.0	0.0	0.0	0.0	0.0	0.0	0.0	0.0	0.0	48.18892491536229	23.79	1.5582799999999999	31.157
13	Benzaldehyde	C1=CC=C(C=C1)C=O	13200	cyclohexane	242.0				106.041864812	1.0	0.0	1.0	0.0	1.0	1.0	0.0	0.0	1.0	1.0	0.0	0.0	0.0	0.0	0.0	0.0	0.0	0.0	0.0	0.0	47.95786733393734	17.07	1.4990999999999999	31.829499999999996
14	Benzoic acid	C1=CC=C(C=C1)C(=O)O	8270	methanol	227.0				122.036779432	2.0	1.0	1.0	1.0	1.0	2.0	0.0	0.0	1.0	1.0	0.0	0.0	0.0	0.0	0.0	0.0	0.0	0.0	0.0	0.0	52.75210108613335	37.3	1.3848	33.4013
15	Acetophenone	CC(=O)C1=CC=CC=C1	12800	ethanol	241.0				120.057514876	1.0	0.0	1.0	0.0	1.0	1.0	0.0	0.125	1.0	1.0	0.0	0.0	0.0	0.0	0.0	0.0	0.0	0.0	0.0	0.0	54.32280944833394	17.07	1.8892	36.44650000000001
16	Aniline	C1=CC=C(C=C1)N	1760	cyclohexane	288.0	0.17	313.0	cyclohexane	93.057849224	1.0	2.0	0.0	1.0	1.0	1.0	0.0	0.0	1.0	1.0	0.0	0.0	0.0	0.0	0.0	0.0	0.0	0.0	0.0	0.0	42.77129381650968	26.02	1.2687999999999997	30.854400000000002
17	N,N-Dimethyl-aniline	CN(C)C1=CC=CC=C1	14900	cyclohexane	251.0	0.19	332.0	cyclohexane	121.08914935199999	1.0	0.0	1.0	0.0	1.0	1.0	0.0	0.25	1.0	1.0	0.0	0.0	0.0	0.0	0.0	0.0	0.0	0.0	0.0	0.0	55.92112101849355	3.24	1.7526	40.76900000000002
18	Phenylhydrazine Hydrochloride	C1=CC=C(C=C1)NN.Cl	490	PBS	279.0				144.045425968	2.0	3.0	1.0	2.0	2.0	3.0	0.0	0.0	1.0	1.0	0.0	0.0	0.0	0.0	0.0	0.0	0.0	0.0	0.0	0.0	60.44438527290212	38.05	1.3939999999999997	41.50010000000001
19	Chlorobenzene	C1=CC=C(C=C1)Cl	280	cyclohexane	265.0	0.0042	295.0	cyclohexane	112.00797784	0.0	0.0	0.0	0.0	0.0	1.0	0.0	0.0	1.0	1.0	0.0	0.0	0.0	0.0	0.0	0.0	0.0	0.0	0.0	0.0	47.73466934637864	0.0	2.34	31.451999999999995
20	Iodobenzene	C1=CC=C(C=C1)I	13200	cyclohexane	228.0				203.94359816	0.0	0.0	0.0	0.0	0.0	1.0	0.0	0.0	1.0	1.0	0.0	0.0	0.0	0.0	0.0	0.0	0.0	0.0	0.0	0.0	56.6932412405406	0.0	2.291200000000001	39.15900000000001
21	Nitrobenzene	C1=CC=C(C=C1)[N+](=O)[O-]	8140	ethanol	258.0				123.0320284	3.0	0.0	1.0	0.0	2.0	3.0	0.0	0.0	1.0	1.0	0.0	0.0	0.0	0.0	0.0	0.0	0.0	0.0	0.0	0.0	52.08437884199677	43.14	1.5947999999999998	33.0964
22	Styrene	C=CC1=CC=CC=C1	14700	cyclohexane	248.0	0.22	302.0	cyclohexane	104.062600256	0.0	0.0	1.0	0.0	0.0	0.0	0.0	0.0	1.0	1.0	0.0	0.0	0.0	0.0	0.0	0.0	0.0	0.0	0.0	0.0	49.47168431610592	0.0	2.3296	36.53300000000001
23	Phenylacetylene	C#CC1=CC=CC=C1	17600	cyclohexane	236.0	0.11	295.0	benzene	102.046950192	0.0	0.0	0.0	0.0	0.0	0.0	0.0	0.0	1.0	1.0	0.0	0.0	0.0	0.0	0.0	0.0	0.0	0.0	0.0	0.0	49.16051274014944	0.0	1.6679000000000002	34.377
24	1,4-Diethynylbenzene	C#CC1=CC=C(C=C1)C#C	28200	chloroform	274.0	0.19	303.0	chloroform	126.046950192	0.0	0.0	0.0	0.0	0.0	0.0	0.0	0.0	1.0	1.0	0.0	0.0	0.0	0.0	0.0	0.0	0.0	0.0	0.0	0.0	60.88962236080193	0.0	1.6492000000000002	42.31200000000001
25	Phenylpropargyl aldehyde	C1=CC=C(C=C1)C#CC=O	5000	ethanol	277.0				130.041864812	1.0	0.0	0.0	0.0	1.0	1.0	0.0	0.0	1.0	1.0	0.0	0.0	0.0	0.0	0.0	0.0	0.0	0.0	0.0	0.0	59.68697695458982	17.07	1.237	39.384000000000015
26	Phenylboronic acid	B(C1=CC=CC=C1)(O)O	9520	cyclohexane	227.0	0.26	295.0	cyclohexane	122.053909864	2.0	2.0	1.0	2.0	2.0	3.0	0.0	0.0	1.0	1.0	0.0	0.0	0.0	0.0	0.0	0.0	0.0	0.0	0.0	0.0	53.91247464038254	40.46	-0.6335999999999999	36.26760000000001
27	Vanillin	COC1=C(C=CC(=C1)C=O)O	9770	cyclohexane	222.0				152.047344116	3.0	1.0	2.0	1.0	3.0	3.0	0.0	0.125	1.0	1.0	0.0	0.0	0.0	0.0	0.0	0.0	0.0	0.0	0.0	0.0	64.23058843003683	46.53	1.2133	40.046300000000016
28	3-Hydroxyacetophenone	CC(=O)C1=CC(=CC=C1)O	19000	ethanol	218.0				136.052429496	2.0	1.0	1.0	1.0	2.0	2.0	0.0	0.125	1.0	1.0	0.0	0.0	0.0	0.0	0.0	0.0	0.0	0.0	0.0	0.0	59.11704320052995	37.3	1.5948	38.111300000000014
29	Ethyl 4-(dimethylamino)benzoate	CCOC(=O)C1=CC=C(C=C1)N(C)C	23200	ethanol	310.25	0.29	330.0	cyclohexane	193.11027872	3.0	0.0	3.0	0.0	3.0	3.0	0.0	0.36363636363636365	1.0	1.0	0.0	0.0	0.0	0.0	0.0	0.0	0.0	0.0	0.0	0.0	84.29101469123401	29.54	1.9293	56.72550000000004
30	Gallacetophenone	CC(=O)C1=C(C(=C(C=C1)O)O)O	12500	methanol	291.0				168.042258736	4.0	3.0	1.0	3.0	4.0	4.0	0.0	0.125	1.0	1.0	0.0	0.0	0.0	0.0	0.0	0.0	0.0	0.0	0.0	0.0	68.70551070492198	77.76	1.006	41.44090000000002
31	Terephthalic acid	C1=CC(=CC=C1C(=O)O)C(=O)O	17000	ethanol	240.0				166.026608672	4.0	2.0	2.0	2.0	2.0	4.0	0.0	0.0	1.0	1.0	0.0	0.0	0.0	0.0	0.0	0.0	0.0	0.0	0.0	0.0	68.07279905276974	74.6	1.083	40.3606
32	p-Phenylenediamine	C1=CC(=CC=C1N)N	6920	acetonitrile	251.0	0.065	390.0	acetonitrile	108.06874825599999	2.0	4.0	0.0	2.0	2.0	2.0	0.0	0.0	1.0	1.0	0.0	0.0	0.0	0.0	0.0	0.0	0.0	0.0	0.0	0.0	48.1111845135224	52.04	0.8510000000000002	35.26679999999998
33	Tetraphenylmethane	C1=CC=C(C=C1)C(C2=CC=CC=C2)(C3=CC=CC=C3)C4=CC=CC=C4	1910	cyclohexane	263.0	0.24	315.0	cyclohexane	320.15650064	0.0	0.0	4.0	0.0	0.0	0.0	0.0	0.04	4.0	4.0	0.0	0.0	0.0	0.0	0.0	0.0	0.0	0.0	0.0	0.0	148.96762785208566	0.0	6.0693000000000055	104.75200000000002
34	N-Phenylbenzylamine	C1=CC=C(C=C1)CNC2=CC=CC=C2	13200	cyclohexane	245.0	0.16399999999999998	323.0	cyclohexane	183.104799416	1.0	1.0	3.0	1.0	1.0	1.0	0.0	0.07692307692307693	2.0	2.0	0.0	0.0	0.0	0.0	0.0	0.0	0.0	0.0	0.0	0.0	84.40330162356567	12.03	3.298700000000001	60.21070000000003
35	trans-Chalcone	C1=CC=C(C=C1)/C=C/C(=O)C2=CC=CC=C2	28000	cyclohexane	302.0				208.088815004	1.0	0.0	3.0	0.0	1.0	1.0	0.0	0.0	2.0	2.0	0.0	0.0	0.0	0.0	0.0	0.0	0.0	0.0	0.0	0.0	95.05524273661034	17.07	3.5827000000000027	66.24850000000004
36	Benzophenone	C1=CC=C(C=C1)C(=O)C2=CC=CC=C2	19400	ethanol	252.0				182.07316494	1.0	0.0	2.0	0.0	1.0	1.0	0.0	0.0	2.0	2.0	0.0	0.0	0.0	0.0	0.0	0.0	0.0	0.0	0.0	0.0	83.01496154000138	17.07	2.917600000000001	56.31650000000003
37	4,4'-Dihydroxybenzophenone	C1=CC(=CC=C1C(=O)C2=CC=C(C=C2)O)O	15200	chloroform	283.0				214.06299418	3.0	2.0	2.0	2.0	3.0	3.0	0.0	0.0	2.0	2.0	0.0	0.0	0.0	0.0	0.0	0.0	0.0	0.0	0.0	0.0	92.60342904439341	57.53	2.328800000000001	59.646100000000025
38	Diethyl phthalate	CCOC(=O)C1=CC=CC=C1C(=O)OCC	7110	ethanol	225.0				222.089208928	4.0	0.0	4.0	0.0	4.0	4.0	0.0	0.3333333333333333	1.0	1.0	0.0	0.0	0.0	0.0	0.0	0.0	0.0	0.0	0.0	0.0	94.17119046497793	52.60000000000001	2.04	58.35500000000003
39	1,2,4,5-Tetracyanobenzene	C1=C(C(=CC(=C1C#N)C#N)C#N)C#N	3400	chloroform	316.0	0.21	319.0	chloroform	178.027946064	4.0	0.0	0.0	0.0	4.0	4.0	0.0	0.0	1.0	1.0	0.0	0.0	0.0	0.0	0.0	0.0	0.0	0.0	0.0	0.0	80.46149030295825	95.16	1.1733200000000001	45.30200000000001
40	Hexafluorobenzene	C1(=C(C(=C(C(=C1F)F)F)F)F)F	684	ethanol	230.0	0.035	361.0	ethanol	185.99041932	0.0	0.0	0.0	0.0	0.0	6.0	0.0	0.0	1.0	1.0	0.0	0.0	0.0	0.0	0.0	0.0	0.0	0.0	0.0	0.0	62.424615537054386	0.0	2.5212	26.190000000000005
41	Ferrocene	[CH-]1C=CC=C1.[CH-]1C=CC=C1.[Fe+2]	96	cyclohexane	442.0				186.01318781999998	0.0	0.0	0.0	0.0	0.0	1.0	0.0	0.0	2.0	2.0	0.0	0.0	0.0	0.0	0.0	0.0	0.0	0.0	0.0	0.0	78.06897363144655	0.0	2.8085000000000013	44.07000000000003
42	Biphenyl	C1=CC=C(C=C1)C2=CC=CC=C2	16000	cyclohexane	247.5	0.18	325.5	cyclohexane	154.07825032	0.0	0.0	1.0	0.0	0.0	0.0	0.0	0.0	2.0	2.0	0.0	0.0	0.0	0.0	0.0	0.0	0.0	0.0	0.0	0.0	72.48849732556099	0.0	3.353600000000002	51.87800000000003
43	p-Terphenyl	C1=CC=C(C=C1)C2=CC=C(C=C2)C3=CC=CC=C3	33800	cyclohexane	276.25	0.93	337.5	cyclohexane	230.109550448	0.0	0.0	2.0	0.0	0.0	0.0	0.0	0.0	3.0	3.0	0.0	0.0	0.0	0.0	0.0	0.0	0.0	0.0	0.0	0.0	107.54559153162505	0.0	5.0206000000000035	77.31400000000004
44	p-Quaterphenyl	C1=CC=C(C=C1)C2=CC=C(C=C2)C3=CC=C(C=C3)C4=CC=CC=C4	41000	cyclohexane	294.75	0.89	362.5	cyclohexane	306.140850576	0.0	0.0	3.0	0.0	0.0	0.0	0.0	0.0	4.0	4.0	0.0	0.0	0.0	0.0	0.0	0.0	0.0	0.0	0.0	0.0	142.60268573768906	0.0	6.687600000000005	102.75000000000001
45	p-Quinquephenyl	C1=CC=C(C=C1)C2=CC=C(C=C2)C3=CC=C(C=C3)C4=CC=C(C=C4)C5=CC=CC=C5	62500	dimethylformamide	312.0	0.89	388.0	cyclohexane	382.172150704	0.0	0.0	4.0	0.0	0.0	0.0	0.0	0.0	5.0	5.0	0.0	0.0	0.0	0.0	0.0	0.0	0.0	0.0	0.0	0.0	177.65977994375308	0.0	8.354600000000005	128.18599999999998
46	1,3,5-Triphenylbenzene 	C1=CC=C(C=C1)C2=CC(=CC(=C2)C3=CC=CC=C3)C4=CC=CC=C4	60000	cyclohexane	251.0	0.27	349.0	cyclohexane	306.140850576	0.0	0.0	3.0	0.0	0.0	0.0	0.0	0.0	4.0	4.0	0.0	0.0	0.0	0.0	0.0	0.0	0.0	0.0	0.0	0.0	142.60268573768906	0.0	6.687600000000005	102.75000000000003
47	Benzidine	C1=CC(=CC=C1C2=CC=C(C=C2)N)N	67500	ethanol	206.0	0.16	396.0	chloroform	184.100048384	2.0	4.0	1.0	2.0	2.0	2.0	0.0	0.0	2.0	2.0	0.0	0.0	0.0	0.0	0.0	0.0	0.0	0.0	0.0	0.0	83.16827871958643	52.04	2.5180000000000002	60.70280000000001
48	3,3'-Dimethylbenzidine	CC1=C(C=CC(=C1)C2=CC(=C(C=C2)N)C)N	41800	ethanol	209.0	0.33	385.0	ethanol	212.131348512	2.0	4.0	1.0	2.0	2.0	2.0	0.0	0.14285714285714285	2.0	2.0	0.0	0.0	0.0	0.0	0.0	0.0	0.0	0.0	0.0	0.0	95.89816294837965	52.04	3.1348400000000005	70.17680000000001
49	3,3',5,5-Tetramethylbenzidine	CC1=CC(=CC(=C1N)C)C2=CC(=C(C(=C2)C)N)C	34800	ethanol	212.0	0.29	382.0	ethanol	240.16264864	2.0	4.0	1.0	2.0	2.0	2.0	0.0	0.25	2.0	2.0	0.0	0.0	0.0	0.0	0.0	0.0	0.0	0.0	0.0	0.0	108.62804717717286	52.04	3.751680000000002	79.65080000000002
50	2,5-Diphenyloxazole, [PPO]	C1=CC=C(C=C1)C2=CN=C(O2)C3=CC=CC=C3	35700	cyclohexane	302.75	1.0	354.5	cyclohexane	221.084063972	2.0	0.0	2.0	0.0	2.0	2.0	0.0	0.0	3.0	3.0	0.0	0.0	1.0	1.0	0.0	0.0	0.0	0.0	0.0	0.0	99.55956877664839	26.03	4.008600000000002	67.37500000000003
51	1,4-Bis(5-phenyl-2-oxazolyl)benzene, [POPOP]	C1=CC=C(C=C1)C2=CN=C(O2)C3=CC=C(C=C3)C4=NC=C(O4)C5=CC=CC=C5	47000	cyclohexane	359.0	0.93	407.5	cyclohexane	364.12117775199994	4.0	0.0	4.0	0.0	4.0	4.0	0.0	0.0	5.0	5.0	0.0	0.0	2.0	2.0	0.0	0.0	0.0	0.0	0.0	0.0	161.68773443379973	52.06	6.330600000000005	108.30799999999999
52	1,2,3,4,5-Pentaphenyl-1,3-cyclopentadiene	C1=CC=C(C=C1)C2C(=C(C(=C2C3=CC=CC=C3)C4=CC=CC=C4)C5=CC=CC=C5)C6=CC=CC=C6	18600	cyclohexane	245.0	0.0028	450.0	dioxane	446.203450832	0.0	0.0	5.0	0.0	0.0	0.0	0.0	0.02857142857142857	6.0	5.0	1.0	0.0	0.0	0.0	0.0	0.0	0.0	0.0	0.0	0.0	207.09945329783832	0.0	9.0058	148.5789999999997
53	rac-BINAP	C1=CC=C(C=C1)P(C2=CC=CC=C2)C3=C(C4=CC=CC=C4C=C3)C5=C(C=CC6=CC=CC=C65)P(C7=CC=CC=C7)C8=CC=CC=C8	9800	acetonitrile	223.0				622.197924284	0.0	0.0	7.0	0.0	0.0	2.0	0.0	0.0	8.0	8.0	0.0	0.0	0.0	0.0	0.0	0.0	0.0	0.0	0.0	0.0	273.0795739750339	0.0	9.176400000000001	204.30199999999948
54	(R)-BINOL	C1=CC=C2C(=C1)C=CC(=C2C3=C(C=CC4=CC=CC=C43)O)O	8590	acetonitrile	278.0	0.1	359.0	tetrahydrofuran	286.099379688	2.0	2.0	1.0	2.0	2.0	2.0	0.0	0.0	4.0	4.0	0.0	0.0	0.0	0.0	0.0	0.0	0.0	0.0	0.0	0.0	127.44029389342346	40.46	5.071200000000004	90.21960000000003
55	Naphthalene	C1=CC=C2C=CC=CC2=C1	6000	cyclohexane	275.0	0.23	322.0	cyclohexane	128.062600256	0.0	0.0	0.0	0.0	0.0	0.0	0.0	0.0	2.0	2.0	0.0	0.0	0.0	0.0	0.0	0.0	0.0	0.0	0.0	0.0	60.11306765123217	0.0	2.839800000000001	43.94800000000003
56	Anthracene	C1=CC=C2C=C3C=CC=CC3=CC2=C1	9700	cyclohexane	356.25	0.36	396.5	cyclohexane	178.07825032	0.0	0.0	0.0	0.0	0.0	0.0	0.0	0.0	3.0	3.0	0.0	0.0	0.0	0.0	0.0	0.0	0.0	0.0	0.0	0.0	82.79473218296737	0.0	3.993000000000002	61.45400000000003
57	Tetracene	C1=CC=C2C=C3C=C4C=CC=CC4=CC3=CC2=C1	10000	benzene	475.0	0.13	478.0	benzene	228.093900384	0.0	0.0	0.0	0.0	0.0	0.0	0.0	0.0	4.0	4.0	0.0	0.0	0.0	0.0	0.0	0.0	0.0	0.0	0.0	0.0	105.47639671470259	0.0	5.146200000000003	78.96000000000002
58	Pentacene	C1=CC=C2C=C3C=C4C=C5C=CC=CC5=CC4=CC3=CC2=C1	7200	dimethylformamide	578.0	0.13	582.0	tetrahydrofuran	278.109550448	0.0	0.0	0.0	0.0	0.0	0.0	0.0	0.0	5.0	5.0	0.0	0.0	0.0	0.0	0.0	0.0	0.0	0.0	0.0	0.0	128.1580612464378	0.0	6.299400000000003	96.46600000000004
59	Phenanthrene	C1=CC=C2C(=C1)C=CC3=CC=CC=C32	69200	cyclohexane	252.0	0.125	364.0	ethanol	178.07825032	0.0	0.0	0.0	0.0	0.0	0.0	0.0	0.0	3.0	3.0	0.0	0.0	0.0	0.0	0.0	0.0	0.0	0.0	0.0	0.0	82.79473218296738	0.0	3.993000000000002	61.454000000000036
60	Pyrene	C1=CC2=C3C(=C1)C=CC4=CC=CC(=C43)C=C2	81700	cyclohexane	241.0	0.32	381.0	cyclohexane	202.07825032	0.0	0.0	0.0	0.0	0.0	0.0	0.0	0.0	4.0	4.0	0.0	0.0	0.0	0.0	0.0	0.0	0.0	0.0	0.0	0.0	93.45542159483817	0.0	4.584000000000002	70.14600000000003
61	Triphenylene	C1=CC=C2C(=C1)C3=CC=CC=C3C4=CC=CC=C24	146000	cyclohexane	258.0	0.08	353.0	cyclohexane	228.093900384	0.0	0.0	0.0	0.0	0.0	0.0	0.0	0.0	4.0	4.0	0.0	0.0	0.0	0.0	0.0	0.0	0.0	0.0	0.0	0.0	105.47639671470259	0.0	5.146200000000003	78.96000000000005
62	9,10-Diphenylanthracene	C1=CC=C(C=C1)C2=C3C=CC=CC3=C(C4=CC=CC=C42)C5=CC=CC=C5	14000	cyclohexane	372.5	1.0	404.0	cyclohexane	330.140850576	0.0	0.0	2.0	0.0	0.0	0.0	0.0	0.0	5.0	5.0	0.0	0.0	0.0	0.0	0.0	0.0	0.0	0.0	0.0	0.0	152.9089205950954	0.0	7.327000000000005	112.32600000000001
63	9,10-Bis(phenylethynyl)anthracene	C1=CC=C(C=C1)C#CC2=C3C=CC=CC3=C(C4=CC=CC=C42)C#CC5=CC=CC=C5	87000	cyclohexane	270.25	1.0	467.5	cyclohexane	378.140850576	0.0	0.0	0.0	0.0	0.0	0.0	0.0	0.0	5.0	5.0	0.0	0.0	0.0	0.0	0.0	0.0	0.0	0.0	0.0	0.0	176.3671398364004	0.0	6.7926000000000055	126.29800000000002
64	Rubrene	C1=CC=C(C=C1)C2=C3C=CC=CC3=C(C4=C(C5=CC=CC=C5C(=C24)C6=CC=CC=C6)C7=CC=CC=C7)C8=CC=CC=C8	127000	benzene	303.0	0.54	557.0	chloroform	532.219100896	0.0	0.0	4.0	0.0	0.0	0.0	0.0	0.0	8.0	8.0	0.0	0.0	0.0	0.0	0.0	0.0	0.0	0.0	0.0	0.0	245.7047735389586	0.0	11.814199999999982	180.70399999999955
65	1,8-Naphthalic anhydride	C1=CC2=C3C(=C1)C(=O)OC(=O)C3=CC=C2	26300	acetonitrile	228.0	0.32	376.0	acetonitrile	198.031694052	3.0	0.0	0.0	0.0	3.0	3.0	0.0	0.0	3.0	2.0	1.0	0.0	1.0	0.0	0.0	1.0	0.0	0.0	0.0	0.0	85.27371015609057	43.370000000000005	2.1503999999999994	53.69400000000002
66	2-Aminonaphthalene 	C1=CC=C2C=C(C=CC2=C1)N	53700	acetonitrile	239.0	0.91	395.0	acetonitrile	143.073499288	1.0	2.0	0.0	1.0	1.0	1.0	0.0	0.0	2.0	2.0	0.0	0.0	0.0	0.0	0.0	0.0	0.0	0.0	0.0	0.0	65.45295834824489	26.02	2.4219999999999997	48.36040000000002
67	2,3-Diaminonaphthalene	C1=CC=C2C=C(C(=CC2=C1)N)N	50100	methanol	245.0	0.54	377.0	methanol	158.08439832	2.0	4.0	0.0	2.0	2.0	2.0	0.0	0.0	2.0	2.0	0.0	0.0	0.0	0.0	0.0	0.0	0.0	0.0	0.0	0.0	70.7928490452576	52.04	2.0042	52.77280000000001
68	8-Anilino-1-naphthalenesulfonic acid	C1=CC=C(C=C1)NC2=CC=CC3=C2C(=CC=C3)S(=O)(=O)O	25100	methanol	218.0	0.24	485.0	methanol	299.061614276	4.0	2.0	3.0	2.0	3.0	5.0	0.0	0.0	3.0	3.0	0.0	0.0	0.0	0.0	0.0	0.0	0.0	0.0	0.0	0.0	122.34866005094486	66.4	3.8301000000000016	83.48730000000005
69	1,4,5,8-Naphthalenetetracarboxylic dianhydride	C1=CC2=C3C(=CC=C4C3=C1C(=O)OC4=O)C(=O)OC2=O	37200	acetonitrile	227.0	0.13	372.0	acetonitrile	268.000787848	6.0	0.0	0.0	0.0	6.0	6.0	0.0	0.0	4.0	4.0	0.0	0.0	2.0	2.0	0.0	0.0	0.0	0.0	0.0	0.0	107.71114364303132	94.56	0.6485999999999998	70.94399999999999
70	Pyranine	C1=CC2=C3C(=C(C=C2S(=O)(=O)[O-])S(=O)(=O)[O-])C=CC4=C(C=C(C1=C43)O)S(=O)(=O)[O-]	23100	NaOH aq	235.0	1.0	512.0	water (pH 10)	454.9217801637299	10.0	1.0	3.0	1.0	10.0	13.0	0.0	0.0	4.0	4.0	0.0	0.0	0.0	0.0	0.0	0.0	0.0	0.0	0.0	0.0	163.13556337715605	191.82999999999998	1.0019000000000002	95.70040000000002
71	1,2-Diphenylacetylene	C1=CC=C(C=C1)C#CC2=CC=CC=C2	27600	ethanol	278.75	0.0034	302.0	3-methylpentane	178.07825032	0.0	0.0	0.0	0.0	0.0	0.0	0.0	0.0	2.0	2.0	0.0	0.0	0.0	0.0	0.0	0.0	0.0	0.0	0.0	0.0	84.21760694621348	0.0	3.086400000000001	58.86400000000003
72	cis-Stilbene	C1=CC=C(C=C1)/C=C\C2=CC=CC=C2	10200	hexane	276.0				180.093900384	0.0	0.0	2.0	0.0	0.0	0.0	0.0	0.0	2.0	2.0	0.0	0.0	0.0	0.0	0.0	0.0	0.0	0.0	0.0	0.0	84.52877852216996	0.0	3.857000000000003	61.81200000000003
73	trans-Stilbene	C1=CC=C(C=C1)/C=C/C2=CC=CC=C2	28200	hexane	293.75	0.04	345.0	hexane	180.093900384	0.0	0.0	2.0	0.0	0.0	0.0	0.0	0.0	2.0	2.0	0.0	0.0	0.0	0.0	0.0	0.0	0.0	0.0	0.0	0.0	84.52877852216996	0.0	3.857000000000003	61.81200000000003
74	1,4-Diphenylbutadiyne	C1=CC=C(C=C1)C#CC#CC2=CC=CC=C2	27800	ethanol	326.0	0.0016	330.0	ethanol	202.07825032	0.0	0.0	0.0	0.0	0.0	0.0	0.0	0.0	2.0	2.0	0.0	0.0	0.0	0.0	0.0	0.0	0.0	0.0	0.0	0.0	95.94671656686597	0.0	3.089800000000001	66.64000000000003
75	1,4-Diphenylbutadiene	C1=CC=C(C=C1)/C=C/C=C/C2=CC=CC=C2	33000	hexane	330.0	0.42	373.0	cyclohexane	206.109550448	0.0	0.0	3.0	0.0	0.0	0.0	0.0	0.0	2.0	2.0	0.0	0.0	0.0	0.0	0.0	0.0	0.0	0.0	0.0	0.0	96.56905971877893	0.0	4.413200000000003	70.95200000000004
76	1,6-Diphenylhexatriene	C1=CC=C(C=C1)/C=C/C=C/C=C/C2=CC=CC=C2	82400	cyclohexane	353.25	0.65	425.0	cyclohexane	232.125200512	0.0	0.0	4.0	0.0	0.0	0.0	0.0	0.0	2.0	2.0	0.0	0.0	0.0	0.0	0.0	0.0	0.0	0.0	0.0	0.0	108.60934091538789	0.0	4.969400000000005	80.09200000000004
77	4-Dimethylamino-4'-nitrostilbene	CN(C)C1=CC=C(C=C1)/C=C/C2=CC=C(C=C2)[N+](=O)[O-]	27000	benzene	432.25	0.7	588.0	benzene	268.121177752	4.0	0.0	4.0	0.0	3.0	4.0	0.0	0.125	2.0	2.0	0.0	0.0	0.0	0.0	0.0	0.0	0.0	0.0	0.0	0.0	117.67147214366635	46.379999999999995	3.8312000000000026	82.79340000000003
78	Curcumin	COC1=C(C=CC(=C1)/C=C/C(=O)CC(=O)/C=C/C2=CC(=C(C=C2)O)OC)O	55000	ethanol	425.0	0.063	542.0	ethanol	368.1259883599999	6.0	2.0	8.0	2.0	6.0	6.0	0.0	0.14285714285714285	2.0	2.0	0.0	0.0	0.0	0.0	0.0	0.0	0.0	0.0	0.0	0.0	156.53237245425527	93.06000000000002	3.3699000000000026	102.01660000000003
79	all trans-Retinal 	CC1=C(C(CCC1)(C)C)/C=C/C(=C/C=C/C(=C/C=O)/C)/C	43500	ethanol	372.0				284.214015516	1.0	0.0	5.0	0.0	1.0	1.0	0.0	0.45	1.0	0.0	1.0	0.0	0.0	0.0	0.0	0.0	0.0	0.0	0.0	0.0	129.38082698695837	17.07	5.716900000000005	92.19000000000004
80	Beta-carotene	CC1=C(C(CCC1)(C)C)/C=C/C(=C/C=C/C(=C/C=C/C=C(/C=C/C=C(/C=C/C2=C(CCCC2(C)C)C)\C)\C)/C)/C	139500	hexane	451.0				536.438201792	0.0	0.0	10.0	0.0	0.0	0.0	0.0	0.45	2.0	0.0	2.0	0.0	0.0	0.0	0.0	0.0	0.0	0.0	0.0	0.0	247.37469782821202	0.0	12.605799999999977	181.39199999999943
81	Pyridine	C1=CC=NC=C1	1800	acetonitrile	251.0				79.04219916	1.0	0.0	0.0	0.0	1.0	1.0	0.0	0.0	1.0	1.0	0.0	0.0	1.0	1.0	0.0	0.0	0.0	0.0	0.0	0.0	36.651051100443475	12.89	1.0816	24.236999999999995
82	Pyridine N-oxide	C1=CC=[N+](C=C1)[O-]	14300	dichloromethane	276.0				95.03711378	2.0	0.0	0.0	0.0	1.0	2.0	0.0	0.0	1.0	1.0	0.0	0.0	1.0	1.0	0.0	0.0	0.0	0.0	0.0	0.0	41.6092948387128	26.939999999999998	0.31999999999999995	25.401999999999994
83	2-Acetylpyridine	CC(=O)C1=CC=CC=N1	7500	cyclohexane	227.0				121.052763844	2.0	0.0	1.0	0.0	2.0	2.0	0.0	0.14285714285714285	1.0	1.0	0.0	0.0	1.0	1.0	0.0	0.0	0.0	0.0	0.0	0.0	53.542457429280454	29.96	1.2842	34.2415
84	4-Dimethylaminopyridine	CN(C)C1=CC=NC=C1	13300	acetonitrile	257.0	0.017	443.0	acetonitrile	122.08439831999999	2.0	0.0	1.0	0.0	2.0	2.0	0.0	0.2857142857142857	1.0	1.0	0.0	0.0	1.0	1.0	0.0	0.0	0.0	0.0	0.0	0.0	55.14076899944006	16.130000000000003	1.1476	38.56400000000001
85	4-(4-Nitrobenzyl)pyridine 	C1=CC(=CC=C1CC2=CC=NC=C2)[N+](=O)[O-]	12300	ethanol	265.0				214.07422756	4.0	0.0	3.0	0.0	3.0	4.0	0.0	0.08333333333333333	2.0	2.0	0.0	0.0	1.0	1.0	0.0	0.0	0.0	0.0	0.0	0.0	92.72606314340389	56.03	2.5806000000000004	60.139400000000016
86	1.3,5-Triazine	C1=NC=NC=N1	890	ethanol	270.0				81.03269709599999	3.0	0.0	0.0	0.0	3.0	3.0	0.0	0.0	1.0	1.0	0.0	0.0	1.0	1.0	0.0	0.0	0.0	0.0	0.0	0.0	35.09034706233649	38.67	-0.12840000000000007	19.826999999999995
87	Phthalimide	C1=CC=C2C(=C1)C(=O)NC2=O	44100	ethanol	215.0				147.0320284	3.0	1.0	0.0	1.0	2.0	3.0	2.0	0.0	2.0	1.0	1.0	0.0	1.0	0.0	0.0	1.0	0.0	0.0	0.0	0.0	63.02836257845652	46.17	0.5702	38.23870000000001
88	2,2'-Bipyridine	C1=CC=NC(=C1)C2=CC=CC=N2	11200	acetonitrile	281.0				156.068748256	2.0	0.0	1.0	0.0	2.0	2.0	0.0	0.0	2.0	2.0	0.0	0.0	2.0	2.0	0.0	0.0	0.0	0.0	0.0	0.0	70.927793287454	25.78	2.1435999999999993	47.46800000000002
89	4,4'-Bipyridine	C1=CN=CC=C1C2=CC=NC=C2	12600	acetonitrile	238.0				156.068748256	2.0	0.0	1.0	0.0	2.0	2.0	0.0	0.0	2.0	2.0	0.0	0.0	2.0	2.0	0.0	0.0	0.0	0.0	0.0	0.0	70.92779328745402	25.78	2.1435999999999993	47.468000000000025
90	Quinoline	C1=CC=C2C(=C1)C=CC=N2	27000	ethanol	204.0	0.01	301.0	ethanol	129.057849224	1.0	0.0	0.0	0.0	1.0	1.0	0.0	0.0	2.0	2.0	0.0	0.0	1.0	1.0	0.0	0.0	0.0	0.0	0.0	0.0	59.33271563217868	12.89	2.2348	41.743000000000016
91	8-Quinoline carboxylic acid	C1=CC2=C(C(=C1)C(=O)O)N=CC=C2	31900	ethanol	219.0	0.02	301.0	ethanol	173.047678464	3.0	1.0	1.0	1.0	2.0	3.0	0.0	0.0	2.0	2.0	0.0	0.0	1.0	1.0	0.0	0.0	0.0	0.0	0.0	0.0	74.65341359881506	50.19	1.9329999999999998	48.702300000000015
92	3-Quinoline carboxaldehyde	C1=CC=C2C(=C1)C=C(C=N2)C=O	1330	ethanol	245.0				157.052763844	2.0	0.0	1.0	0.0	2.0	2.0	0.0	0.0	2.0	2.0	0.0	0.0	1.0	1.0	0.0	0.0	0.0	0.0	0.0	0.0	69.85917984661907	29.96	2.0472999999999995	47.13050000000001
93	Benzothiazole	C1=CC=C2C(=C1)N=CS2	18700	ethanol	217.0				135.01427016	1.0	0.0	0.0	0.0	2.0	2.0	0.0	0.0	2.0	2.0	0.0	0.0	1.0	1.0	0.0	0.0	0.0	0.0	0.0	0.0	56.97307890259018	12.89	2.2963000000000005	39.62000000000002
94	Benzotriazole	C1=CC2=NNN=C2C=C1	5620	ethanol	253.0				119.04834715999999	3.0	1.0	0.0	1.0	2.0	3.0	0.0	0.0	2.0	2.0	0.0	0.0	1.0	1.0	0.0	0.0	0.0	0.0	0.0	0.0	51.69843117094894	41.57	0.9578999999999998	33.88870000000001
95	2-Methylbenzoxazole	CC1=NC2=CC=CC=C2O1	10200	cyclohexane	231.75	0.05	300.0	cyclohexane	133.052763844	2.0	0.0	0.0	0.0	2.0	2.0	0.0	0.125	2.0	2.0	0.0	0.0	1.0	1.0	0.0	0.0	0.0	0.0	0.0	0.0	58.491987010652124	26.03	2.13622	38.746000000000016
96	Pyrrole	C1=CNC=C1	15000	hexane	206.0				67.04219916	1.0	1.0	0.0	1.0	0.0	1.0	0.0	0.0	1.0	1.0	0.0	0.0	1.0	1.0	0.0	0.0	0.0	0.0	0.0	0.0	30.640563540511266	15.79	1.0147	20.792699999999996
97	Pyrrole-2-carboxaldehyde	C1=CNC(=C1)C=O	15600	hexane	278.0				95.03711378	2.0	1.0	1.0	1.0	1.0	2.0	0.0	0.0	1.0	1.0	0.0	0.0	1.0	1.0	0.0	0.0	0.0	0.0	0.0	0.0	41.16702775495164	32.86	0.8271999999999999	26.180199999999996
98	Thiazole Orange 	CC1=CC=C(C=C1)S(=O)(=O)[O-].CN\1C2=CC=CC=C2S/C1=C\C3=CC=[N+](C4=CC=CC=C34)C	58500	methanol	502.0				476.1228346280001	5.0	0.0	2.0	0.0	5.0	7.0	0.0	0.11538461538461539	5.0	4.0	1.0	0.0	2.0	1.0	0.0	1.0	0.0	0.0	0.0	0.0	198.30356277631006	64.32000000000001	5.103920000000005	132.94519999999997
99	Thioflavin T 	CC1=CC2=C(C=C1)[N+](=C(S2)C3=CC=C(C=C3)N(C)C)C	36000	PBS 	413.0	0.0004	484.0	water	283.12634602809004	2.0	0.0	2.0	0.0	2.0	3.0	0.0	0.23529411764705882	3.0	3.0	0.0	0.0	1.0	1.0	0.0	0.0	0.0	0.0	0.0	0.0	123.45974672303934	7.12	3.7672200000000027	87.50100000000005
100	Tris(2,2'-bipyridyl)ruthenium(II)	C1=CN=C(N=C1)C2=NC=CC=N2.C1=CN=C(N=C1)C2=NC=CC=N2.C1=CN=C(N=C1)C2=NC=CC=N2.Cl.Cl.[Ru]	87000	water	286.0	0.042	623.5	water	648.0354433000002	12.0	0.0	3.0	0.0	12.0	15.0	0.0	0.0	6.0	6.0	0.0	0.0	6.0	6.0	0.0	0.0	0.0	0.0	0.0	0.0	248.55382677589725	154.68	3.6419000000000032	143.66999999999982
101	4-Chloro-7-nitrobenzofurazan 	C1=C(C2=NON=C2C(=C1)Cl)[N+](=O)[O-]	8130	ethanol	336.0				198.978468604	6.0	0.0	1.0	0.0	5.0	7.0	0.0	0.0	2.0	2.0	0.0	0.0	1.0	1.0	0.0	0.0	0.0	0.0	0.0	0.0	76.20564743812214	82.06	1.7844000000000002	43.468399999999995
102	7-Benzylamino-4-nitrobenz-2-oxa-1,3-diazole	C1=CC=C(C=C1)CNC2=CC=C(C3=NON=C23)[N+](=O)[O-]	19700	ethanol	460.5	0.36	529.0	ethanol	270.07529017999997	7.0	1.0	4.0	1.0	6.0	7.0	0.0	0.07692307692307693	3.0	3.0	0.0	0.0	1.0	1.0	0.0	0.0	0.0	0.0	0.0	0.0	112.87427971530914	94.09	2.743100000000001	72.22710000000001
103	Carbostyril 124	CC1=CC(=O)NC2=C1C=CC(=C2)N	46500	water (pH 5 to 9)	219.0	0.97	417.0	water (pH 5 to 9 )	174.07931294	3.0	3.0	0.0	2.0	2.0	3.0	0.0	0.1	2.0	2.0	0.0	0.0	1.0	1.0	0.0	0.0	0.0	0.0	0.0	0.0	75.19907054363176	58.879999999999995	1.41872	53.718100000000014
104	Quinoline Yellow 	C1=CC=C2C(=C1)C(=O)C(C2=O)C3=NC4=C(C=C(C=C4C=C3)S(=O)(=O)[O-])S(=O)(=O)[O-]	22700	PBS	413.0				430.97805540781997	9.0	0.0	3.0	0.0	9.0	11.0	0.0	0.05555555555555555	4.0	3.0	1.0	0.0	1.0	1.0	0.0	0.0	0.0	0.0	0.0	0.0	164.05912124807216	161.42999999999998	1.2058000000000002	95.51340000000002
105	2,3,5-Triphenyltetrazolium Chloride	C1=CC=C(C=C1)C2=NN([N+](=N2)C3=CC=CC=C3)C4=CC=CC=C4	25600	PBS	247.0				299.12912290009	4.0	0.0	3.0	0.0	3.0	4.0	0.0	0.0	4.0	4.0	0.0	0.0	1.0	1.0	0.0	0.0	0.0	0.0	0.0	0.0	133.79609377994777	34.59	3.211000000000001	88.32700000000003
106	Quinine sulfate	COC1=CC2=C(C=CN=C2C=C1)[C@H]([C@@H]3C[C@@H]4CCN3C[C@@H]4C=C)O.COC1=CC2=C(C=CN=C2C=C1)[C@H]([C@@H]3C[C@@H]4CCN3C[C@@H]4C=C)O.O.O.OS(=O)(=O)O	5700	0.5 M H2SO4	349.0	0.546	451.0	H2SO4 aq (1 N)	782.3560649280001	14.0	8.0	8.0	4.0	10.0	15.0	0.0	0.45	9.0	4.0	5.0	5.0	7.0	2.0	5.0	5.0	0.0	4.0	8.0	0.0	321.85758629515874	228.77999999999997	4.044200000000004	211.45859999999954
107	L-Alanine	C[C@@H](C(=O)O)N	9	methanol	262.0				89.047678464	3.0	3.0	1.0	2.0	2.0	3.0	0.0	0.6666666666666666	0.0	0.0	0.0	0.0	0.0	0.0	0.0	0.0	0.0	0.0	1.0	0.0	35.76478180587526	63.31999999999999	-0.5817999999999999	21.285200000000003
108	L-Phenylalanine	C1=CC=C(C=C1)C[C@@H](C(=O)O)N	195	water	257.5	0.022	279.5	water	165.078978592	3.0	3.0	3.0	2.0	2.0	3.0	0.0	0.2222222222222222	1.0	1.0	0.0	0.0	0.0	0.0	0.0	0.0	0.0	0.0	1.0	0.0	70.82187601193928	63.31999999999999	0.641	45.75720000000001
109	L-Tyrosine	C1=CC(=CC=C1C[C@@H](C(=O)O)N)O	1405	phosphate buffer (pH 7, 0.1 M)	274.25	0.13	303.0	phosphate buffer (pH 7, 0.1 M)	181.073893212	4.0	4.0	3.0	3.0	3.0	4.0	0.0	0.2222222222222222	1.0	1.0	0.0	0.0	0.0	0.0	0.0	0.0	0.0	0.0	1.0	0.0	75.61610976413529	83.55	0.3465999999999994	47.42200000000001
110	L-Histidine	C1=C(NC=N1)C[C@@H](C(=O)O)N	5700	water	211.0				155.069476528	5.0	4.0	3.0	3.0	3.0	5.0	0.0	0.3333333333333333	1.0	1.0	0.0	0.0	1.0	1.0	0.0	0.0	0.0	0.0	1.0	0.0	63.25068441390008	92.0	-0.6358999999999995	37.902899999999995
111	L-Tryptophan	C1=CC=C2C(=C1)C(=CN2)C[C@@H](C(=O)O)N	5579	phosphate buffer (pH 7, 0.1 M)	278.0	0.12	354.0	phosphate buffer (pH 7, 0.1 M)	204.089877624	4.0	4.0	3.0	3.0	2.0	4.0	0.0	0.18181818181818182	2.0	2.0	0.0	0.0	1.0	1.0	0.0	0.0	0.0	0.0	1.0	0.0	86.7127009646888	79.11	1.1222999999999996	57.613900000000015
112	Adenine	C1=NC2=C(N1)C(=NC=N2)N	13000	water (pH 7)	261.0				135.05449516	5.0	3.0	0.0	2.0	4.0	5.0	0.0	0.0	2.0	2.0	0.0	0.0	2.0	2.0	0.0	0.0	0.0	0.0	0.0	0.0	56.32106271209872	80.48	-0.06490000000000007	36.09609999999999
113	Guanine	C1=NC2=C(N1)C(=O)NC(=N2)N	10700	water	243.0				151.04940978	6.0	4.0	0.0	3.0	4.0	6.0	0.0	0.0	2.0	2.0	0.0	0.0	2.0	2.0	0.0	0.0	0.0	0.0	0.0	0.0	60.48258481214249	100.45	-0.7716000000000003	38.92179999999998
114	Cytosine	C1=C(NC(=O)N=C1)N	6100	water	266.75				111.04326178	4.0	3.0	0.0	2.0	3.0	4.0	0.0	0.0	1.0	1.0	0.0	0.0	1.0	1.0	0.0	0.0	0.0	0.0	0.0	0.0	45.372111878446475	71.77	-0.6478999999999999	29.270100000000003
115	Thymine	CC1=CNC(=O)NC1=O	7900	water	263.75				126.042927432	4.0	2.0	0.0	2.0	2.0	4.0	0.0	0.2	1.0	1.0	0.0	0.0	1.0	1.0	0.0	0.0	0.0	0.0	0.0	0.0	50.55868539587412	65.72	-0.6283800000000002	32.420399999999994
116	Uracil	C1=CNC(=O)NC1=O	8200	water	258.25				112.027277368	4.0	2.0	0.0	2.0	2.0	4.0	0.0	0.0	1.0	1.0	0.0	0.0	1.0	1.0	0.0	0.0	0.0	0.0	0.0	0.0	44.193743281477516	65.72	-0.9368000000000001	27.6834
117	2-Amino-4-methylpyrimidine 	CC1=NC(=NC=C1)N	14500	ethanol	228.0				109.06399722399999	3.0	2.0	0.0	1.0	3.0	3.0	0.0	0.2	1.0	1.0	0.0	0.0	1.0	1.0	0.0	0.0	0.0	0.0	0.0	0.0	47.575531892799305	51.8	0.36722	31.1814
118	2,4-dihydroxy-6-methylpyrimidine	CC1=CC(=O)NC(=O)N1	9300	ethanol	259.0				126.042927432	4.0	2.0	0.0	2.0	2.0	4.0	0.0	0.2	1.0	1.0	0.0	0.0	1.0	1.0	0.0	0.0	0.0	0.0	0.0	0.0	50.55868539587413	65.72	-0.6283800000000002	32.420399999999994
119	D-(-)-Salicin	C1=CC=C(C(=C1)CO)O[C@H]2[C@@H]([C@H]([C@@H]([C@H](O2)CO)O)O)O	1000	ethanol	212.0				286.105252916	7.0	5.0	4.0	5.0	7.0	7.0	0.0	0.5384615384615384	2.0	1.0	1.0	1.0	1.0	0.0	1.0	1.0	0.0	0.0	5.0	0.0	115.17842598673782	119.61000000000001	-1.6424	66.76000000000003
120	Riboflavin	CC1=CC2=C(C=C1C)N(C3=NC(=O)NC(=O)C3=N2)C[C@@H]([C@@H]([C@@H](CO)O)O)O	33000	ethanol	263.0	0.3	531.0	ethanol	376.1382843599999	10.0	5.0	5.0	5.0	9.0	10.0	0.0	0.4117647058823529	3.0	1.0	2.0	0.0	2.0	0.0	0.0	2.0	0.0	0.0	3.0	0.0	152.29232415746094	161.56	-1.7235599999999995	95.62090000000002
121	L-Ascorbic acid	C([C@@H]([C@@H]1C(=C(C(=O)O1)O)O)O)O	14000	PBS	265.0				176.032087976	6.0	4.0	2.0	4.0	6.0	6.0	0.0	0.5	1.0	0.0	1.0	0.0	1.0	0.0	0.0	1.0	0.0	0.0	2.0	0.0	67.32052975243379	107.22000000000001	-1.4073999999999995	35.25619999999999
122	DL-alpha-Tocopherol	CC1=C(C(=C2CC[C@@](OC2=C1C)(C)CCC[C@H](C)CCC[C@H](C)CCCC(C)C)C)O	26300	ethanol	206.0	0.14	326.0	ethanol	430.38108084	2.0	1.0	12.0	1.0	2.0	2.0	0.0	0.7931034482758621	2.0	1.0	1.0	0.0	1.0	0.0	0.0	1.0	0.0	0.0	3.0	0.0	192.72701957879264	29.46	8.84026	134.39080000000004
123	Vitamin K1	CC1=C(C(=O)C2=CC=CC=C2C1=O)C/C=C(\C)/CCC[C@H](C)CCC[C@H](C)CCCC(C)C	18600	ethanol	248.0				450.349780712	2.0	0.0	14.0	0.0	2.0	2.0	0.0	0.6129032258064516	2.0	1.0	1.0	0.0	0.0	0.0	0.0	0.0	0.0	0.0	2.0	0.0	202.49296296160202	34.14	9.1576	140.89599999999993
124	Folic acid	C1=CC(=CC=C1C(=O)N[C@@H](CCC(=O)O)C(=O)O)NCC2=CN=C3C(=N2)C(=O)NC(=N3)N	25200	PBS	281.0	0.005	452.0	water	441.1396813280001	13.0	7.0	9.0	6.0	9.0	13.0	1.0	0.21052631578947367	3.0	3.0	0.0	0.0	2.0	2.0	0.0	0.0	0.0	0.0	1.0	0.0	179.27751955065443	213.28	-0.044799999999998674	111.89460000000004
125	1,4-Benzoquinone	C1=CC(=O)C=CC1=O	17000	acetonitrile	239.75				108.021129368	2.0	0.0	0.0	0.0	2.0	2.0	0.0	0.0	1.0	0.0	1.0	0.0	0.0	0.0	0.0	0.0	0.0	0.0	0.0	0.0	46.50196858200238	34.14	0.25059999999999993	28.29399999999999
126	Hydroquinone	C1=CC(=CC=C1O)O	17000	acetonitrile	225.0	0.16	324.0	acetonitrile	110.036779432	2.0	2.0	0.0	2.0	2.0	2.0	0.0	0.0	1.0	1.0	0.0	0.0	0.0	0.0	0.0	0.0	0.0	0.0	0.0	0.0	47.01987062388899	40.46	1.0977999999999999	29.771599999999992
127	2,3,5,6-Tetrachloro-1,4-benzoquinone 	C1(=C(C(=O)C(=C(C1=O)Cl)Cl)Cl)Cl	22400	acetonitrile	288.0				243.86523996	2.0	0.0	0.0	0.0	2.0	6.0	0.0	0.0	1.0	0.0	1.0	0.0	0.0	0.0	0.0	0.0	0.0	0.0	0.0	0.0	87.71503348952906	34.14	2.5166	47.478
128	Tetrachlorohydroquinone	C1(=C(C(=C(C(=C1Cl)Cl)O)Cl)Cl)O	39900	acetonitrile	211.0				245.880890024	2.0	2.0	0.0	2.0	2.0	6.0	0.0	0.0	1.0	1.0	0.0	0.0	0.0	0.0	0.0	0.0	0.0	0.0	0.0	0.0	88.23293553141569	40.46	3.7113999999999994	49.811600000000006
129	2,3,5,6-Tetramethyl-1,4-benzoquinone	CC1=C(C(=O)C(=C(C1=O)C)C)C	24500	acetonitrile	270.0				164.083729624	2.0	0.0	0.0	0.0	2.0	2.0	0.0	0.4	1.0	0.0	1.0	0.0	0.0	0.0	0.0	0.0	0.0	0.0	0.0	0.0	71.9617370395888	34.14	1.811	46.76200000000002
130	2,3-Dichloro-5,6-dicyano-1,4-benzoquinone	C(#N)C1=C(C(=O)C(=C(C1=O)Cl)Cl)C#N	12300	chloroform	287.0				225.9336826	4.0	0.0	0.0	0.0	4.0	6.0	0.0	0.0	1.0	0.0	1.0	0.0	0.0	0.0	0.0	0.0	0.0	0.0	0.0	0.0	88.62354462749634	81.72	1.17116	46.998
131	3,4,5,6-Tetrachloro-1,2-benzoquinone	C1(=C(C(=O)C(=O)C(=C1Cl)Cl)Cl)Cl	1480	chloroform	458.0				243.86523996	2.0	0.0	0.0	0.0	2.0	6.0	0.0	0.0	1.0	0.0	1.0	0.0	0.0	0.0	0.0	0.0	0.0	0.0	0.0	0.0	87.71503348952905	34.14	2.5166	47.478
132	2,5-Diphenyl-1,4-benzoquinone	C1=CC=C(C=C1)C2=CC(=O)C(=CC2=O)C3=CC=CC=C3	31100	acetonitrile	243.0				260.083729624	2.0	0.0	2.0	0.0	2.0	2.0	0.0	0.0	3.0	2.0	1.0	0.0	0.0	0.0	0.0	0.0	0.0	0.0	0.0	0.0	116.61615699413046	34.14	3.3054000000000014	78.85200000000003
133	2,5-Di-tert-butyl-1,4-benzoquinone	CC(C)(C)C1=CC(=O)C(=CC1=O)C(C)(C)C	15100	acetonitrile	258.0				220.14632988	2.0	0.0	0.0	0.0	2.0	2.0	0.0	0.5714285714285714	1.0	0.0	1.0	0.0	0.0	0.0	0.0	0.0	0.0	0.0	0.0	0.0	97.42150549717523	34.14	3.0832000000000015	65.09000000000003
134	Tetracyanoethylene	C(#N)C(=C(C#N)C#N)C#N	14500	chloroform	267.0				128.012296	4.0	0.0	0.0	0.0	4.0	4.0	0.0	0.0	0.0	0.0	0.0	0.0	0.0	0.0	0.0	0.0	0.0	0.0	0.0	0.0	57.4446772935032	95.16	0.3773199999999998	29.478
135	7,7,8,8-Tetracyanoquinodimethane	C1=CC(=C(C#N)C#N)C=CC1=C(C#N)C#N	42700	chloroform	401.0				204.043596128	4.0	0.0	0.0	0.0	4.0	4.0	0.0	0.0	1.0	1.0	0.0	0.0	0.0	0.0	0.0	0.0	0.0	0.0	0.0	0.0	91.81216846738296	95.16	0.08232000000000006	54.96000000000001
136	1,4-Naphthoquinone	C1=CC=C2C(=O)C=CC(=O)C2=C1	21300	ethanol	246.0				158.036779432	2.0	0.0	0.0	0.0	2.0	2.0	0.0	0.0	2.0	1.0	1.0	0.0	0.0	0.0	0.0	0.0	0.0	0.0	0.0	0.0	69.51878159145744	34.14	1.6218000000000001	44.24300000000001
137	1,4-Naphthoquinone-2-sulfonic acid, Potassium salt	C1=CC=C2C(=C1)C(=O)C=C(C2=O)S(=O)(=O)[O-]	19100	water	255.0				236.98631783991001	5.0	0.0	1.0	0.0	5.0	6.0	0.0	0.0	2.0	1.0	1.0	0.0	0.0	0.0	0.0	0.0	0.0	0.0	0.0	0.0	91.14741760149805	91.34	0.49470000000000003	52.88320000000001
138	2,3-Dichloro-1,4-naphthoquinone	C1=CC=C2C(=C1)C(=O)C(=C(C2=O)Cl)Cl	18400	ethanol	280.0				225.958834728	2.0	0.0	0.0	0.0	2.0	4.0	0.0	0.0	2.0	1.0	1.0	0.0	0.0	0.0	0.0	0.0	0.0	0.0	0.0	0.0	90.12531404522078	34.14	2.7548000000000004	53.83500000000001
139	2-Methyl-1,4-naphthoquinone	CC1=CC(=O)C2=CC=CC=C2C1=O	18200	ethanol	251.0				172.052429496	2.0	0.0	0.0	0.0	2.0	2.0	0.0	0.09090909090909091	2.0	1.0	1.0	0.0	0.0	0.0	0.0	0.0	0.0	0.0	0.0	0.0	75.88372370585405	34.14	2.0119000000000002	48.86000000000002
140	9,10-Phenanthrenequinone 	C1=CC=C2C(=C1)C3=CC=CC=C3C(=O)C2=O	29000	chloroform	268.0				208.052429496	2.0	0.0	0.0	0.0	2.0	2.0	0.0	0.0	3.0	2.0	1.0	0.0	0.0	0.0	0.0	0.0	0.0	0.0	0.0	0.0	92.53559460091253	34.14	2.7326000000000006	60.539000000000016
141	1,2-Naphthoquinone	C1=CC=C2C(=C1)C=CC(=O)C2=O	19200	methanol	249.0				158.036779432	2.0	0.0	0.0	0.0	2.0	2.0	0.0	0.0	2.0	1.0	1.0	0.0	0.0	0.0	0.0	0.0	0.0	0.0	0.0	0.0	69.51878159145744	34.14	1.4652	44.81350000000001
142	1,2-Naphthoquinone-4-sulfonic acid, sodium salt	C1=CC=C2C(=C1)C(=CC(=O)C2=O)S(=O)(=O)[O-]	8570	methanol	250.0				236.98631783991001	5.0	0.0	1.0	0.0	5.0	6.0	0.0	0.0	2.0	1.0	1.0	0.0	0.0	0.0	0.0	0.0	0.0	0.0	0.0	0.0	91.14741760149805	91.34	0.3381000000000002	53.45370000000001
143	9,10-Anthraquinone	C1=CC=C2C(=C1)C(=O)C3=CC=CC=C3C2=O	56800	ethanol	251.25				208.052429496	2.0	0.0	0.0	0.0	2.0	2.0	0.0	0.0	3.0	2.0	1.0	0.0	0.0	0.0	0.0	0.0	0.0	0.0	0.0	0.0	92.53559460091252	34.14	2.4620000000000006	59.749000000000024
144	Alizarin	C1=CC=C2C(=C1)C(=O)C3=C(C2=O)C(=C(C=C3)O)O	28400	ethanol	248.0				240.042258736	4.0	2.0	0.0	2.0	4.0	4.0	0.0	0.0	3.0	2.0	1.0	0.0	0.0	0.0	0.0	0.0	0.0	0.0	0.0	0.0	102.12406210530455	74.60000000000001	1.8732000000000006	63.07860000000002
145	Alizarin Red S	C1=CC=C2C(=C1)C(=O)C3=CC(=C(C(=C3C2=O)O)O)S(=O)(=O)[O-]	20000	ethanol	250.0				318.99179714391	7.0	2.0	1.0	2.0	7.0	8.0	0.0	0.0	3.0	2.0	1.0	0.0	0.0	0.0	0.0	0.0	0.0	0.0	0.0	0.0	123.75269811534515	131.8	0.7772999999999994	71.04180000000001
146	1,4-Anthraquinone	C1=CC=C2C=C3C(=O)C=CC(=O)C3=CC2=C1	46800	ethanol	233.0				208.052429496	2.0	0.0	0.0	0.0	2.0	2.0	0.0	0.0	3.0	2.0	1.0	0.0	0.0	0.0	0.0	0.0	0.0	0.0	0.0	0.0	92.20044612319265	34.14	2.7750000000000012	61.74900000000002
147	5,12-Naphthacenequinone	C1=CC=C2C=C3C(=CC2=C1)C(=O)C4=CC=CC=C4C3=O	36300	benzene	296.0	0.43	344.0	benzene	258.06807956	2.0	0.0	0.0	0.0	2.0	2.0	0.0	0.0	4.0	3.0	1.0	0.0	0.0	0.0	0.0	0.0	0.0	0.0	0.0	0.0	115.21725913264775	34.14	3.6152000000000015	77.25500000000004
148	6,13-Pentacenequinone	C1=CC=C2C=C3C(=CC2=C1)C(=O)C4=CC5=CC=CC=C5C=C4C3=O	107000	benzene	303.0	0.54	333.0	benzene	308.083729624	2.0	0.0	0.0	0.0	2.0	2.0	0.0	0.0	5.0	4.0	1.0	0.0	0.0	0.0	0.0	0.0	0.0	0.0	0.0	0.0	137.89892366438295	34.14	4.768400000000002	94.76100000000005
149	Coumarin	C1=CC=C2C(=C1)C=CC(=O)O2	11000	ethanol	275.0				146.036779432	2.0	0.0	0.0	0.0	2.0	2.0	0.0	0.0	2.0	2.0	0.0	0.0	1.0	1.0	0.0	0.0	0.0	0.0	0.0	0.0	63.07940657528498	30.21	1.7929999999999997	42.484000000000016
150	4-Hydroxycoumarin	C1=CC=C2C(=C1)C(=CC(=O)O2)O	8470	ethanol	280.0	0.003	364.0	ethanol	162.031694052	3.0	1.0	0.0	1.0	3.0	3.0	0.0	0.0	2.0	2.0	0.0	0.0	1.0	1.0	0.0	0.0	0.0	0.0	0.0	0.0	67.87364032748098	50.44	1.4985999999999995	44.148800000000016
151	7-Hydroxycoumarin	C1=CC(=CC2=C1C=CC(=O)O2)O	16800	ethanol	326.0	0.08	387.0	methanol	162.031694052	3.0	1.0	0.0	1.0	3.0	3.0	0.0	0.0	2.0	2.0	0.0	0.0	1.0	1.0	0.0	0.0	0.0	0.0	0.0	0.0	67.87364032748098	50.44	1.4986	44.148800000000016
152	7-Hydroxy-4-(trifluoromethyl)coumarin	C1=CC2=C(C=C1O)OC(=O)C=C2C(F)(F)F	12600	ethanol	338.0	0.2	420.0	ethanol	230.01907868	3.0	1.0	0.0	1.0	3.0	6.0	0.0	0.1	2.0	2.0	0.0	0.0	1.0	1.0	0.0	0.0	0.0	0.0	0.0	0.0	86.73518865065631	50.440000000000005	2.5174000000000003	49.150800000000004
153	7-Methoxycoumarin-4-acetic acid	COC1=CC2=C(C=C1)C(=CC(=O)O2)CC(=O)O	11820	methanol	323.75	0.18	379.5	methanol	234.05282342	5.0	1.0	3.0	1.0	4.0	5.0	0.0	0.16666666666666666	2.0	2.0	0.0	0.0	1.0	1.0	0.0	0.0	0.0	0.0	0.0	0.0	96.24353400022149	76.74	1.4286999999999999	60.37580000000001
154	Coumarin 1	CCN(CC)C1=CC2=C(C=C1)C(=CC(=O)O2)C	23500	ethanol	373.25	0.5	446.5	ethanol	231.125928784	3.0	0.0	3.0	0.0	3.0	3.0	0.0	0.35714285714285715	2.0	2.0	0.0	0.0	1.0	1.0	0.0	0.0	0.0	0.0	0.0	0.0	100.6639508174714	33.45	2.9476200000000015	70.78200000000002
155	Coumarin 6	CCN(CC)C1=CC2=C(C=C1)C=C(C(=O)O2)C3=NC4=CC=CC=C4S3	54000	ethanol	459.25	0.78	500.0	ethanol	350.108898816	4.0	0.0	4.0	0.0	5.0	5.0	0.0	0.2	4.0	4.0	0.0	0.0	2.0	2.0	0.0	0.0	0.0	0.0	0.0	0.0	148.89777869223204	46.34	4.915900000000003	104.65900000000002
156	Coumarin 7	CCN(CC)C1=CC2=C(C=C1)C=C(C(=O)O2)C3=NC4=CC=CC=C4N3	52500	ethanol	436.0	0.82	484.0	methanol	333.14772684800005	5.0	1.0	4.0	1.0	4.0	5.0	0.0	0.2	4.0	4.0	0.0	0.0	2.0	2.0	0.0	0.0	0.0	0.0	0.0	0.0	144.46657584283483	62.13	4.182500000000003	101.13270000000001
157	Coumarin 30	CCN(CC)C1=CC2=C(C=C1)C=C(C(=O)O2)C3=NC4=CC=CC=C4N3C	54000	acetonitrile	407.5	0.8	478.0	ethanol	347.16337691200005	5.0	0.0	4.0	0.0	5.0	5.0	0.0	0.23809523809523808	4.0	4.0	0.0	0.0	2.0	2.0	0.0	0.0	0.0	0.0	0.0	0.0	151.0414894438268	51.27	4.1929000000000025	105.75300000000003
158	Coumarin 151	C1=CC2=C(C=C1N)OC(=O)C=C2C(F)(F)F	17000	ethanol	384.0	0.53	484.0	ethanol	229.035063092	3.0	2.0	0.0	1.0	3.0	6.0	0.0	0.1	2.0	2.0	0.0	0.0	1.0	1.0	0.0	0.0	0.0	0.0	0.0	0.0	87.28084559547301	56.23	2.394	51.898399999999995
159	Coumarin 314	CCOC(=O)C1=CC2=CC3=C4C(=C2OC1=O)CCCN4CCC3	46800	ethanol	436.0	0.68	475.5	ethanol	313.13140808800006	5.0	0.0	2.0	0.0	5.0	5.0	0.0	0.4444444444444444	4.0	2.0	2.0	0.0	3.0	1.0	0.0	2.0	0.0	0.0	0.0	0.0	133.38712429755	59.75	2.6685000000000008	87.29550000000005
160	Coumarin 343	C1CC2=C3C(=C4C(=C2)C=C(C(=O)O4)C(=O)O)CCCN3C1	44300	ethanol	444.75	0.63	462.0	ethanol	285.10010796000006	5.0	1.0	1.0	1.0	4.0	5.0	0.0	0.375	4.0	2.0	2.0	0.0	3.0	1.0	0.0	2.0	0.0	0.0	0.0	0.0	120.33792859144597	70.75	2.1900000000000004	78.29830000000003
161	Calcein Blue	CC1=CC(=O)OC2=C1C=CC(=C2CN(CC(=O)O)CC(=O)O)O	16100	PBS	361.0	0.59	441.0	PBS	321.0848518199999	8.0	3.0	6.0	3.0	6.0	8.0	0.0	0.26666666666666666	2.0	2.0	0.0	0.0	1.0	1.0	0.0	0.0	0.0	0.0	0.0	0.0	129.7346383885436	128.28	0.7782199999999997	79.43440000000002
162	Urolithin B	C1=CC=C2C(=C1)C3=C(C=C(C=C3)O)OC2=O	11300	ethanol	278.0	0.21	420.0	dimethylformamide	212.047344116	3.0	1.0	0.0	1.0	3.0	3.0	0.0	0.0	3.0	3.0	0.0	0.0	1.0	1.0	0.0	0.0	0.0	0.0	0.0	0.0	90.5553048592162	50.440000000000005	2.651800000000002	61.654800000000016
163	Acridine 	C1=CC=C2C(=C1)C=C3C=CC=CC3=N2	178000	ethanol	247.0	0.0079	415.0	ethanol	179.073499288	1.0	0.0	0.0	0.0	1.0	1.0	0.0	0.0	3.0	3.0	0.0	0.0	1.0	1.0	0.0	0.0	0.0	0.0	0.0	0.0	82.0143801639139	12.89	3.3880000000000017	59.249000000000024
164	Proflavine hydrochloride	C1=CC(=CC2=NC3=C(C=CC(=C3)N)C=C21)N.Cl	53700	water (pH 7)	261.0	0.34	511.0	water (pH 4)	245.071975064	3.0	4.0	0.0	2.0	3.0	4.0	0.0	0.0	3.0	3.0	0.0	0.0	1.0	1.0	0.0	0.0	0.0	0.0	0.0	0.0	104.84725481048875	64.92999999999999	2.9742	75.3218
165	Acridine Orange	CN(C)C1=CC2=C(C=C1)C=C3C=CC(=CC3=N2)N(C)C.Cl	49100	ethanol (basic)	270.5	0.2	521.5	ethanol (basic)	301.13457531999995	3.0	0.0	2.0	0.0	3.0	4.0	0.0	0.23529411764705882	3.0	3.0	0.0	0.0	1.0	1.0	0.0	0.0	0.0	0.0	0.0	0.0	131.14690921445649	19.370000000000005	3.9418000000000037	95.15100000000004
166	Acridine Yellow G	CC1=CC2=CC3=CC(=C(C=C3N=C2C=C1N)N)C.Cl	51100	ethanol	264.0	0.47	492.0	ethanol	273.10327519199996	3.0	4.0	0.0	2.0	3.0	4.0	0.0	0.13333333333333333	3.0	3.0	0.0	0.0	1.0	1.0	0.0	0.0	0.0	0.0	0.0	0.0	117.57713903928195	64.92999999999999	3.591040000000002	84.79580000000001
167	Acridone	C1=CC=C2C(=C1)C(=O)C3=CC=CC=C3N2	99900	ethanol	249.0	0.42	410.0	ethanol	195.068413908	2.0	1.0	0.0	1.0	1.0	2.0	0.0	0.0	3.0	3.0	0.0	0.0	1.0	1.0	0.0	0.0	0.0	0.0	0.0	0.0	86.17590226395765	32.86	2.6813000000000002	62.07470000000002
168	Phenazine	C1=CC=C2C(=C1)N=C3C=CC=CC3=N2	107000	ethanol	248.0				180.068748256	2.0	0.0	0.0	0.0	2.0	2.0	0.0	0.0	3.0	3.0	0.0	0.0	1.0	1.0	0.0	0.0	0.0	0.0	0.0	0.0	81.23402814486039	25.78	2.7830000000000004	57.044000000000025
169	Phenosafranin	C1=CC=C(C=C1)[N+]2=C3C=C(C=CC3=NC4=C2C=C(C=C4)N)N	35600	ethanol	533.0	0.2	562.0	methanol	287.12912290009007	4.0	4.0	1.0	2.0	3.0	4.0	0.0	0.0	4.0	4.0	0.0	0.0	1.0	1.0	0.0	0.0	0.0	0.0	0.0	0.0	127.18087523154519	68.81	2.8291000000000004	89.60580000000002
170	Neutral Red	CC1=CC2=NC3=C(C=C(C=C3)N(C)C)N=C2C=C1N.Cl	43700	ethanol (basic)	278.0	0.044	592.0	ethanol 	288.114174224	4.0	2.0	1.0	1.0	4.0	5.0	0.0	0.2	3.0	3.0	0.0	0.0	1.0	1.0	0.0	0.0	0.0	0.0	0.0	0.0	123.58167210781572	55.040000000000006	3.161420000000001	87.76840000000001
171	Janus Green B	CCN(CC)C1=CC2=[N+](C3=C(C=CC(=C3)N=NC4=CC=C(C=C4)N(C)C)N=C2C=C1)C5=CC=CC=C5	35000	PBS	587.0				475.26047141209006	6.0	0.0	7.0	0.0	5.0	6.0	0.0	0.2	5.0	5.0	0.0	0.0	1.0	1.0	0.0	0.0	0.0	0.0	0.0	0.0	211.71428591485923	47.97	6.992300000000007	149.28699999999972
172	Phenothiazine	C1=CC=C2C(=C1)NC3=CC=CC=C3S2	47600	cyclohexane	253.0	0.006	445.0	cyclohexane	199.045570288	1.0	1.0	0.0	1.0	2.0	2.0	0.0	0.0	3.0	2.0	1.0	0.0	1.0	0.0	0.0	1.0	0.0	0.0	0.0	0.0	87.15563838100506	12.03	3.894800000000001	60.289700000000025
173	Thionin	C1=CC2=C(C=C1N)SC3=CC(=[NH2+])C=CC3=N2	77600	ethanol	605.0	0.04	616.0	ethanol	228.05899474009	3.0	4.0	0.0	2.0	3.0	4.0	0.0	0.0	3.0	1.0	2.0	0.0	1.0	0.0	0.0	1.0	0.0	0.0	0.0	0.0	96.04492724499951	64.5	0.6430999999999998	65.71480000000001
174	Methylene blue	CN(C)C1=CC2=C(C=C1)N=C3C=CC(=[N+](C)C)C=C3S2	40700	ethanol	656.0	0.04	677.0	ethanol	284.12159499609	3.0	0.0	1.0	0.0	3.0	4.0	0.0	0.25	3.0	1.0	2.0	0.0	1.0	0.0	0.0	1.0	0.0	0.0	0.0	0.0	122.34458164896726	19.14	2.498900000000001	87.68600000000005
176	Toluidine Blue O	CC1=CC2=C(C=C1N)SC3=CC(=[N+](C)C)C=CC3=N2	74000	ethanol	628.0	0.076	658.0	ethanol	270.10594493209	3.0	2.0	0.0	1.0	3.0	4.0	0.0	0.2	3.0	1.0	2.0	0.0	1.0	0.0	0.0	1.0	0.0	0.0	0.0	0.0	115.55969656137998	41.92	2.3235200000000003	82.50840000000002
177	Phenoxathiin	C1=CC=C2C(=C1)OC3=CC=CC=C3S2	28500	ethanol	237.0				200.029585876	1.0	0.0	0.0	0.0	2.0	2.0	0.0	0.0	3.0	2.0	1.0	0.0	1.0	0.0	0.0	1.0	0.0	0.0	0.0	0.0	86.71932142690389	9.23	3.943500000000001	57.081000000000024
178	Phenoxazine	C1=CC=C2C(=C1)NC3=CC=CC=C3O2	39800	ethanol	239.0	0.025	389.0	ethanol	183.068413908	2.0	1.0	0.0	1.0	2.0	2.0	0.0	0.0	3.0	2.0	1.0	0.0	1.0	0.0	0.0	1.0	0.0	0.0	0.0	0.0	82.1460735851467	21.259999999999998	3.5359000000000016	56.240700000000025
179	Oxazine 1	CCN(CC)C1=CC2=C(C=C1)N=C3C=CC(=[N+](CC)CC)C=C3O2.[O-]Cl(=O)(=O)=O	117000	methanol	642.5	0.11	665.0	ethanol	423.1560986119998	8.0	0.0	5.0	0.0	7.0	9.0	0.0	0.4	3.0	1.0	2.0	0.0	1.0	0.0	0.0	1.0	0.0	0.0	0.0	0.0	171.60174052950487	124.52000000000001	-1.1651999999999967	100.54300000000005
180	Cresyl Violet perchlorate	C1=CC=C2C(=C1)C(=CC3=C2N=C4C=CC(=N)C=C4O3)N.OCl(=O)(=O)=O	28000	ethanol	603.0	0.54	622.0	methanol	361.0465481639999	8.0	4.0	0.0	3.0	8.0	9.0	0.0	0.0	4.0	2.0	2.0	0.0	1.0	0.0	0.0	1.0	0.0	0.0	0.0	0.0	142.52398219968595	165.31	-0.9765299999999995	80.62290000000002
181	Nile Red	CCN(CC)C1=CC2=C(C=C1)N=C3C4=CC=CC=C4C(=O)C=C3O2	38000	dioxane	519.4	0.7	580.0	dioxane	318.13682781599994	4.0	0.0	3.0	0.0	4.0	4.0	0.0	0.2	4.0	2.0	2.0	0.0	1.0	0.0	0.0	1.0	0.0	0.0	0.0	0.0	139.23644030195612	46.34	4.292200000000004	97.96800000000005
182	Nile Blue 	CC[N+](=C1C=CC2=NC3=C(C=C(C4=CC=CC=C43)N)OC2=C1)CC.[O-]Cl(=O)(=O)=O	67000	ethanol	627.5	0.27	623.5	ethanol	417.1091484199999	8.0	2.0	2.0	1.0	7.0	9.0	0.0	0.2	4.0	2.0	2.0	0.0	1.0	0.0	0.0	1.0	0.0	0.0	0.0	0.0	168.403693630463	147.3	-1.2759999999999976	98.90040000000003
183	Oxazine 170	CCNC1=CC2=C(C3=CC=CC=C31)N=C4C=C(C(=[NH+]CC)C=C4O2)C.[O-]Cl(=O)(=O)=O	83000	methanol	613.25	0.63	641.0	methanol	431.1247984839998	8.0	2.0	3.0	2.0	7.0	9.0	0.0	0.23809523809523808	4.0	2.0	2.0	0.0	1.0	0.0	0.0	1.0	0.0	0.0	0.0	0.0	174.7686357448596	144.27	-1.9287799999999964	101.67640000000003
184	Azobenzene	C1=CC=C(C=C1)N=NC2=CC=CC=C2	22400	benzene	319.0				182.08439832	2.0	0.0	2.0	0.0	2.0	2.0	0.0	0.0	2.0	2.0	0.0	0.0	0.0	0.0	0.0	0.0	0.0	0.0	0.0	0.0	82.93527517005009	24.72	4.102000000000002	57.06000000000003
185	Acid Red 2	CN(C)C1=CC=C(C=C1)N=NC2=CC=CC=C2C(=O)O	18500	PBS	430.0				269.11642672	5.0	1.0	4.0	1.0	4.0	5.0	0.0	0.13333333333333333	2.0	2.0	0.0	0.0	0.0	0.0	0.0	0.0	0.0	0.0	0.0	0.0	116.74569103568308	65.26	3.866200000000002	78.34630000000003
186	Methyl Orange	CN(C)C1=CC=C(C=C1)N=NC2=CC=C(C=C2)S(=O)(=O)[O-]	25900	PBS	466.0				304.0761358879099	6.0	0.0	4.0	0.0	6.0	7.0	0.0	0.14285714285714285	2.0	2.0	0.0	0.0	0.0	0.0	0.0	0.0	0.0	0.0	0.0	0.0	123.0536290790873	85.16	3.0721000000000016	79.35020000000003
187	Orange G	C1=CC=C(C=C1)N=NC2=C(C=CC3=CC(=CC(=C32)S(=O)(=O)[O-])S(=O)(=O)[O-])O	20900	PBS	478.0				405.9940398198198	9.0	1.0	4.0	1.0	9.0	11.0	0.0	0.0	3.0	3.0	0.0	0.0	0.0	0.0	0.0	0.0	0.0	0.0	0.0	0.0	153.66844547406254	159.35	2.7690000000000023	92.15720000000003
188	Orange II	C1=CC=C2C(=C1)C=CC(=C2N=NC3=CC=C(C=C3)S(=O)(=O)[O-])O	15400	PBS	486.0				327.04450141190995	6.0	1.0	3.0	1.0	6.0	7.0	0.0	0.0	3.0	3.0	0.0	0.0	0.0	0.0	0.0	0.0	0.0	0.0	0.0	0.0	132.0398094640219	102.15	3.8649000000000027	84.19400000000003
189	Acid Red 88	C1=CC=C2C(=C1)C=CC(=C2N=NC3=CC=C(C4=CC=CC=C43)S(=O)(=O)[O-])O	11700	PBS	503.0				377.0601514759099	6.0	1.0	3.0	1.0	6.0	7.0	0.0	0.0	4.0	4.0	0.0	0.0	0.0	0.0	0.0	0.0	0.0	0.0	0.0	0.0	154.72147399575718	102.15	5.018100000000004	101.70000000000002
190	Sudan I	C1=CC=C(C=C1)N=NC2=C(C=CC3=CC=CC=C32)O	14500	ethanol	481.0				248.094963004	3.0	1.0	2.0	1.0	3.0	3.0	0.0	0.0	3.0	3.0	0.0	0.0	0.0	0.0	0.0	0.0	0.0	0.0	0.0	0.0	110.4111734539813	44.95	4.960800000000003	76.23080000000003
191	Sudan II	CC1=CC(=C(C=C1)N=NC2=C(C=CC3=CC=CC=C32)O)C	15800	ethanol	498.0				276.12626313199996	3.0	1.0	2.0	1.0	3.0	3.0	0.0	0.1111111111111111	3.0	3.0	0.0	0.0	0.0	0.0	0.0	0.0	0.0	0.0	0.0	0.0	123.14105768277453	44.95	5.577640000000004	85.70480000000005
192	Acid Violet 3	C1=CC(=CC=C1N)N=NC2=C(C3=C(C=C(C=C3C=C2S(=O)(=O)[O-])S(=O)(=O)[O-])O)O	36000	PBS	555.0				436.9998534718198	11.0	4.0	4.0	3.0	11.0	13.0	0.0	0.0	3.0	3.0	0.0	0.0	0.0	0.0	0.0	0.0	0.0	0.0	0.0	0.0	163.8025699232713	205.59999999999997	2.056800000000001	98.23440000000001
193	Acid Red 1	CC(=O)NC1=C2C(=CC(=C1)S(=O)(=O)[O-])C=C(C(=C2O)N=NC3=CC=CC=C3)S(=O)(=O)[O-]	31900	PBS	530.0				463.01550353582	11.0	2.0	5.0	2.0	10.0	13.0	1.0	0.05555555555555555	3.0	3.0	0.0	0.0	0.0	0.0	0.0	0.0	0.0	0.0	0.0	0.0	176.10971398650756	188.45	2.727400000000002	106.46089999999998
194	Acid Red 14	C1=CC=C2C(=C1)C(=CC=C2S(=O)(=O)[O-])N=NC3=C(C4=CC=CC=C4C(=C3)S(=O)(=O)[O-])O	24000	PBS	512.0				456.00968988381993	9.0	1.0	4.0	1.0	9.0	11.0	0.0	0.0	4.0	4.0	0.0	0.0	0.0	0.0	0.0	0.0	0.0	0.0	0.0	0.0	176.35011000579775	159.35	3.9222000000000032	109.6632
195	Acid Blue 92	C1=CC=C(C=C1)NC2=C3C(=C(C=C2)N=NC4=C5C(=CC(=C4)S(=O)(=O)[O-])C=C(C=C5O)S(=O)(=O)[O-])C=CC=C3S(=O)(=O)[O-]	32300	PBS	563.0				626.0014274517299	13.0	2.0	7.0	2.0	13.0	16.0	0.0	0.0	5.0	5.0	0.0	0.0	0.0	0.0	0.0	0.0	0.0	0.0	0.0	0.0	238.58570240551055	228.57999999999998	4.569900000000006	147.3510999999998
196	Sudan III	C1=CC=C(C=C1)N=NC2=CC=C(C=C2)N=NC3=C(C=CC4=CC=CC=C43)O	30000	ethanol	504.0				352.13241113199996	5.0	1.0	4.0	1.0	5.0	5.0	0.0	0.0	4.0	4.0	0.0	0.0	0.0	0.0	0.0	0.0	0.0	0.0	0.0	0.0	155.91504550453436	69.67	7.376200000000005	106.84880000000003
197	Sudan IV	CC1=CC=CC=C1N=NC2=CC(=C(C=C2)N=NC3=C(C=CC4=CC=CC=C43)O)C	32500	ethanol	518.0				380.16371125999996	5.0	1.0	4.0	1.0	5.0	5.0	0.0	0.08333333333333333	4.0	4.0	0.0	0.0	0.0	0.0	0.0	0.0	0.0	0.0	0.0	0.0	168.6449297333276	69.67	7.993040000000006	116.32280000000002
198	Acid Black 1	C1=CC=C(C=C1)N=NC2=C(C3=C(C(=C(C=C3C=C2S(=O)(=O)[O-])S(=O)(=O)[O-])N=NC4=CC=C(C=C4)[N+](=O)[O-])N)O	51600	PBS	619.0				570.0274651878199	15.0	3.0	7.0	2.0	14.0	17.0	0.0	0.0	4.0	4.0	0.0	0.0	0.0	0.0	0.0	0.0	0.0	0.0	0.0	0.0	219.16518394412822	253.23000000000002	4.674800000000005	133.842
199	Ponceau S	C1=CC(=CC=C1N=NC2=CC(=C(C=C2)N=NC3=C4C=CC(=CC4=CC(=C3O)S(=O)(=O)[O-])S(=O)(=O)[O-])S(=O)(=O)[O-])S(=O)(=O)[O-]	42000	PBS	513.0				667.93056476364	17.0	1.0	8.0	1.0	17.0	21.0	0.0	0.0	4.0	4.0	0.0	0.0	0.0	0.0	0.0	0.0	0.0	0.0	0.0	0.0	242.42958954469708	298.46999999999997	2.9926000000000053	138.7015999999999
200	Congo Red	C1=CC=C2C(=C1)C(=CC(=C2N)N=NC3=CC=C(C=C3)C4=CC=C(C=C4)N=NC5=C(C6=CC=CC=C6C(=C5)S(=O)(=O)[O-])N)S(=O)(=O)[O-]	48000	PBS	483.0				650.1053215838201	12.0	4.0	7.0	2.0	12.0	14.0	0.0	0.0	6.0	6.0	0.0	0.0	0.0	0.0	0.0	0.0	0.0	0.0	0.0	0.0	262.79662390424437	215.88	7.463400000000006	172.87719999999982
201	Benzopurpurin 4B	CC1=C(C=CC(=C1)C2=CC(=C(C=C2)N=NC3=C(C4=CC=CC=C4C(=C3)S(=O)(=O)[O-])N)C)N=NC5=C(C6=CC=CC=C6C(=C5)S(=O)(=O)[O-])N	23900	water	497.0				678.13662171182	12.0	4.0	7.0	2.0	12.0	14.0	0.0	0.058823529411764705	6.0	6.0	0.0	0.0	0.0	0.0	0.0	0.0	0.0	0.0	0.0	0.0	275.5265081330375	215.88	8.080240000000007	182.35119999999975
202	Evans Blue	CC1=C(C=CC(=C1)C2=CC(=C(C=C2)N=NC3=C(C4=C(C=C3)C(=CC(=C4N)S(=O)(=O)[O-])S(=O)(=O)[O-])O)C)N=NC5=C(C6=C(C=C5)C(=CC(=C6N)S(=O)(=O)[O-])S(=O)(=O)[O-])O	86000	PBS	606.0				868.02552776764	20.0	6.0	9.0	4.0	20.0	24.0	0.0	0.058823529411764705	6.0	6.0	0.0	0.0	0.0	0.0	0.0	0.0	0.0	0.0	0.0	0.0	328.3722476575108	370.74	5.299640000000008	201.60719999999984
203	1,1'-Diethyl-2,2'-cyanine iodide	CCN1/C(=C/C2=[N+](C3=CC=CC=C3C=C2)CC)/C=CC4=CC=CC=C41	54000	ethanol	524.25				327.18557515609	2.0	0.0	3.0	0.0	1.0	2.0	0.0	0.17391304347826086	4.0	3.0	1.0	0.0	2.0	1.0	0.0	1.0	0.0	0.0	0.0	0.0	148.89411469231655	7.12	5.041400000000005	106.29000000000003
204	1,1'-Diethyl-2,2'-carbocyanine iodide 	CCN1/C(=C/C=C/C2=[N+](C3=CC=CC=C3C=C2)CC)/C=CC4=CC=CC=C41	128000	methanol	603.5	0.001	624.5	methanol	353.20122522009	2.0	0.0	4.0	0.0	1.0	2.0	0.0	0.16	4.0	3.0	1.0	0.0	2.0	1.0	0.0	1.0	0.0	0.0	0.0	0.0	160.9343958889255	7.12	5.597600000000005	115.43000000000002
205	1,1'-Diethyl-2,2'-dicarbocyanine iodide	CCN1/C(=C/C=C/C=C/C2=[N+](C3=CC=CC=C3C=C2)CC)/C=CC4=CC=CC=C41	326000	ethanol	711.0	0.0028	735.0	ethanol	379.21687528409	2.0	0.0	5.0	0.0	1.0	2.0	0.0	0.14814814814814814	4.0	3.0	1.0	0.0	2.0	1.0	0.0	1.0	0.0	0.0	0.0	0.0	172.97467708553444	7.12	6.153800000000006	124.57000000000004
206	1,1'-Diethyl-4,4'-cyanine iodide	CCN1C=C/C(=C\C2=CC=[N+](C3=CC=CC=C23)CC)/C4=CC=CC=C41	75000	ethanol	592.0				327.18557515609	2.0	0.0	3.0	0.0	1.0	2.0	0.0	0.17391304347826086	4.0	3.0	1.0	0.0	2.0	1.0	0.0	1.0	0.0	0.0	0.0	0.0	148.89411469231655	7.12	5.041400000000005	106.29000000000003
207	1,1'-Diethyl-4,4'-carbocyanine iodide	CCN1C=C/C(=C\C=C\C2=CC=[N+](C3=CC=CC=C23)CC)/C4=CC=CC=C41	210000	ethanol	709.5	0.006999999999999999	716.5	ethanol	353.20122522009	2.0	0.0	4.0	0.0	1.0	2.0	0.0	0.16	4.0	3.0	1.0	0.0	2.0	1.0	0.0	1.0	0.0	0.0	0.0	0.0	160.93439588892548	7.12	5.597600000000005	115.43000000000005
208	1,1'-Diethyl-4,4'-dicarbocyanine iodide	CCN1C=C/C(=C\C=C\C=C\C2=CC=[N+](C3=CC=CC=C23)CC)/C4=CC=CC=C41	213000	ethanol	818.0	0.033	834.0	DMSO	379.21687528409	2.0	0.0	5.0	0.0	1.0	2.0	0.0	0.14814814814814814	4.0	3.0	1.0	0.0	2.0	1.0	0.0	1.0	0.0	0.0	0.0	0.0	172.97467708553444	7.12	6.153800000000006	124.57000000000004
209	3,3'-Diethyloxacarbocyanine iodide	CCN\1C2=CC=CC=C2O/C1=C/C=C/C3=[N+](C4=CC=CC=C4O3)CC	149000	ethanol	485.0	0.05	497.5	methanol	333.15975433209	4.0	0.0	4.0	0.0	3.0	4.0	0.0	0.19047619047619047	4.0	3.0	1.0	0.0	2.0	1.0	0.0	1.0	0.0	0.0	0.0	0.0	146.80198918590028	29.490000000000002	4.5137000000000045	99.29000000000005
210	3,3'-Diethyloxadicarbocyanine iodide	CCN\1C2=CC=CC=C2O/C1=C\C=C\C=C\C3=[N+](C4=CC=CC=C4O3)CC	237000	ethanol	582.0	0.49	603.5	ethanol	359.17540439609	4.0	0.0	5.0	0.0	3.0	4.0	0.0	0.17391304347826086	4.0	3.0	1.0	0.0	2.0	1.0	0.0	1.0	0.0	0.0	0.0	0.0	158.8422703825092	29.490000000000002	5.069900000000004	108.43000000000004
211	3,3'-Diethyloxatricarbocyanine iodide	CCN1C2=CC=CC=C2OC1=CC=CC=CC=CC3=[N+](C4=CC=CC=C4O3)CC	220000	ethanol	687.5	0.49	712.0	ethanol	385.19105446009	4.0	0.0	6.0	0.0	3.0	4.0	0.0	0.16	4.0	3.0	1.0	0.0	2.0	1.0	0.0	1.0	0.0	0.0	0.0	0.0	170.88255157911814	29.490000000000002	5.6261000000000045	117.57000000000002
212	1,1'-Diethyl-3,3,3',3'-tetramethylindocarbocyanine Iodide	CCN1C2=CC=CC=C2C(C1=CC=CC3=[N+](C4=CC=CC=C4C3(C)C)CC)(C)C	133000	methanol	544.25	0.07	557.0	methanol	385.26382547609	2.0	0.0	4.0	0.0	1.0	2.0	0.0	0.37037037037037035	4.0	2.0	2.0	0.0	2.0	0.0	0.0	2.0	0.0	0.0	0.0	0.0	175.436888312742	6.25	6.340500000000007	124.64740000000005
213	1,1'-Diethyl-3,3,3',3'-tetramethylindodicarbocyanine Iodide	CCN\1C2=CC=CC=C2C(/C1=C/C=C/C=C/C3=[N+](C4=CC=CC=C4C3(C)C)CC)(C)C	200000	methanol	637.5	0.4	657.0	methanol	411.27947554009	2.0	0.0	5.0	0.0	1.0	2.0	0.0	0.3448275862068966	4.0	2.0	2.0	0.0	2.0	0.0	0.0	2.0	0.0	0.0	0.0	0.0	187.47716950935094	6.25	6.896700000000007	133.78739999999996
215	Indocyanine Green	CC1(C(=[N+](C2=C1C3=CC=CC=C3C=C2)CCCCS(=O)(=O)[O-])/C=C/C=C/C=C/C=C/4\C(C5=C(N4CCCCS(=O)(=O)[O-])C=CC6=CC=CC=C65)(C)C)C	194000	ethanol	789.0	0.05	817.0	ethanol	751.28810280391	8.0	0.0	14.0	0.0	7.0	10.0	0.0	0.32558139534883723	6.0	4.0	2.0	0.0	2.0	0.0	0.0	2.0	0.0	0.0	0.0	0.0	313.5978202470979	120.65	8.370300000000006	214.18779999999944
216	3,3'-Diethylthiacarbocyanine iodide	CCN\1C2=CC=CC=C2S/C1=C\C=C\C3=[N+](C4=CC=CC=C4S3)CC	161000	ethanol	559.25	0.05	571.0	ethanol	365.11406709209007	2.0	0.0	4.0	0.0	3.0	4.0	0.0	0.19047619047619047	4.0	3.0	1.0	0.0	2.0	1.0	0.0	1.0	0.0	0.0	0.0	0.0	156.6575879880933	7.12	5.695500000000004	110.13000000000004
217	3,3'-Diethylthiadicarbocyanine iodide 	CCN\1C2=CC=CC=C2S/C1=C/C=C/C=C/C3=[N+](C4=CC=CC=C4S3)CC	249000	ethanol	655.75	0.35	673.5	ethanol	391.12971715609007	2.0	0.0	5.0	0.0	3.0	4.0	0.0	0.17391304347826086	4.0	3.0	1.0	0.0	2.0	1.0	0.0	1.0	0.0	0.0	0.0	0.0	168.69786918470223	7.12	6.251700000000005	119.27000000000002
218	3,3'-Diethylthiatricarbocyanine iodide 	CCN\1C2=CC=CC=C2S/C1=C/C=C/C=C/C=C/C3=[N+](C4=CC=CC=C4S3)CC	212000	isopropanol	763.25				417.14536722009007	2.0	0.0	6.0	0.0	3.0	4.0	0.0	0.16	4.0	3.0	1.0	0.0	2.0	1.0	0.0	1.0	0.0	0.0	0.0	0.0	180.73815038131116	7.12	6.807900000000005	128.41000000000003
219	Merocyanine 540	CCCCN1C(=O)C(=C/C=C/C=C\2/N(C3=CC=CC=C3O2)CCCS(=O)(=O)[O-])C(=O)N(C1=S)CCCC	138000	ethanol	559.5	0.39	579.0	ethanol	546.17380132391	9.0	0.0	12.0	0.0	8.0	11.0	2.0	0.4230769230769231	3.0	1.0	2.0	1.0	2.0	0.0	1.0	2.0	0.0	0.0	0.0	0.0	223.35328070126803	110.29	3.700600000000003	144.74319999999986
220	4-(dicyanomethylene)-2-methyl-6-(p-dimethylaminostyryl)-4H-pyran, [DCM] 	CC1=CC(=C(C#N)C#N)C=C(O1)/C=C/C2=CC=C(C=C2)N(C)C	42000	methanol	468.0	0.43	624.5	methanol	303.137162164	4.0	0.0	3.0	0.0	4.0	4.0	0.0	0.15789473684210525	2.0	1.0	1.0	0.0	1.0	0.0	0.0	1.0	0.0	0.0	0.0	0.0	136.06994558703434	60.050000000000004	3.9274600000000026	90.98000000000003
221	Stains all	CCN1/C(=C/C(=C/C2=[N+](C3=C(S2)C=CC4=CC=CC=C43)CC)/C)/SC5=C1C6=CC=CC=C6C=C5	96500	ethanol	575.5		610.5		479.16101728409006	2.0	0.0	4.0	0.0	3.0	4.0	0.0	0.16666666666666666	6.0	5.0	1.0	0.0	2.0	1.0	0.0	1.0	0.0	0.0	0.0	0.0	208.38585916596028	7.12	8.392000000000003	149.75899999999973
222	Auramine O	CN(C)C1=CC=C(C=C1)C(=N)C2=CC=C(C=C2)N(C)C.Cl	25300	water	431.25	0.03	499.5	glycerol	303.15022538399995	3.0	1.0	4.0	1.0	3.0	4.0	0.0	0.23529411764705882	2.0	2.0	0.0	0.0	0.0	0.0	0.0	0.0	0.0	0.0	0.0	0.0	132.671319489765	30.330000000000005	3.6565700000000025	94.71670000000005
223	Malachite Green	CN(C)C1=CC=C(C=C1)C(=C2C=CC(=[N+](C)C)C=C2)C3=CC=CC=C3.CN(C)C1=CC=C(C=C1)C(=C2C=CC(=[N+](C)C)C=C2)C3=CC=CC=C3.C(=O)(C(=O)O)O.C(=O)(C(=O)[O-])O.C(=O)(C(=O)[O-])O	77200	water	616.5				926.3738231680003	16.0	4.0	6.0	4.0	10.0	16.0	0.0	0.15384615384615385	6.0	4.0	2.0	0.0	0.0	0.0	0.0	0.0	0.0	0.0	0.0	0.0	394.15989945350333	241.95999999999998	3.5846000000000036	257.8139999999994
224	Crystal Violet	CN(C)C1=CC=C(C=C1)C(=C2C=CC(=[N+](C)C)C=C2)C3=CC=C(C=C3)N(C)C	75800	water	590.5	0.019	638.0	glycerol	372.24342438009	3.0	0.0	4.0	0.0	2.0	3.0	0.0	0.24	3.0	2.0	1.0	0.0	0.0	0.0	0.0	0.0	0.0	0.0	0.0	0.0	168.7830658754971	9.49	4.459600000000004	122.95540000000004
225	p-Fuchsin	CC1=CC(=C(C2=CC=C(C=C2)N)C3=CC=C(C=C3)N)C=CC1=N.Cl	80600	PBS	543.0				337.13457532	3.0	5.0	2.0	3.0	3.0	4.0	0.0	0.05	3.0	2.0	1.0	0.0	0.0	0.0	0.0	0.0	0.0	0.0	0.0	0.0	147.8516196364915	75.89	4.610570000000004	105.60250000000005
227	Methyl Green	CC[N+](C)(C)C1=CC=C(C=C1)C(=C2C=CC(=[N+](C)C)C=C2)C3=CC=C(C=C3)N(C)C.Cl[Zn]Cl	77800	PBS	632.0				535.14884852018	3.0	0.0	5.0	0.0	1.0	6.0	0.0	0.2962962962962963	3.0	2.0	1.0	0.0	0.0	0.0	0.0	0.0	0.0	0.0	0.0	0.0	215.1479027862758	6.25	6.3569000000000075	144.5173999999998
228	Methyl Blue	C1=CC(=NC2=CC=C(C=C2)S(=O)(=O)[O-])C=CC1=C(C3=CC=C(C=C3)NC4=CC=C(C=C4)S(=O)(=O)O)C5=CC=C(C=C5)NC6=CC=C(C=C6)S(=O)(=O)[O-]	12250	PBS	590.0				753.0920396038199	12.0	3.0	10.0	3.0	11.0	15.0	0.0	0.0	6.0	5.0	1.0	0.0	0.0	0.0	0.0	0.0	0.0	0.0	0.0	0.0	300.02068937764534	205.18999999999997	6.929300000000007	195.91339999999968
229	Phenolphthalein	C1=CC=C2C(=C1)C(=O)OC2(C3=CC=C(C=C3)O)C4=CC=C(C=C4)O	21500	0.1 N NaOH aq	554.0				318.08920892799995	4.0	2.0	2.0	2.0	4.0	4.0	0.0	0.05	4.0	3.0	1.0	0.0	1.0	0.0	0.0	1.0	0.0	0.0	0.0	0.0	138.1331794408317	66.76	3.5601000000000016	87.95310000000002
230	Phenol Red	C1=CC=C2C(=C1)C(OS2(=O)=O)(C3=CC=C(C=C3)O)C4=CC=C(C=C4)O	40000	0.1 N NaOH aq	558.0				354.056194548	5.0	2.0	2.0	2.0	5.0	6.0	0.0	0.05263157894736842	4.0	3.0	1.0	0.0	1.0	0.0	0.0	1.0	0.0	0.0	0.0	0.0	144.44111748423592	83.83000000000001	3.1086000000000023	90.80840000000002
231	Cresol Red	CC1=C(C=CC(=C1)C2(C3=CC=CC=C3S(=O)(=O)O2)C4=CC(=C(C=C4)O)C)O	46300	0.1 N NaOH aq	573.0				382.08749467599995	5.0	2.0	2.0	2.0	5.0	6.0	0.0	0.14285714285714285	4.0	3.0	1.0	0.0	1.0	0.0	0.0	1.0	0.0	0.0	0.0	0.0	157.1710017130291	83.83000000000001	3.725440000000002	100.28240000000002
232	Thymol Blue	CC1=CC(=C(C=C1C2(C3=CC=CC=C3S(=O)(=O)O2)C4=CC(=C(C=C4C)O)C(C)C)C(C)C)O	17600	0.1 N NaOH aq	597.0				466.18139505999994	5.0	2.0	4.0	2.0	5.0	6.0	0.0	0.3333333333333333	4.0	3.0	1.0	0.0	1.0	0.0	0.0	1.0	0.0	0.0	0.0	0.0	195.3606543994088	83.83000000000001	5.9722400000000055	128.46040000000005
233	Perylene	C1=CC2=C3C(=C1)C4=CC=CC5=C4C(=CC=C5)C3=CC=C2	38500	cyclohexane	435.75	0.94	435.5	cyclohexane	252.093900384	0.0	0.0	0.0	0.0	0.0	0.0	0.0	0.0	5.0	5.0	0.0	0.0	0.0	0.0	0.0	0.0	0.0	0.0	0.0	0.0	116.1370861265734	0.0	5.737200000000003	87.65200000000002
235	Perylene, PMI(OR)	C1=CC2=C3C(=C1)C4=CC=CC5=C4C(=CC=C5)C3=CC=C2	32000	toluene	507.0	0.82	566.0	toluene	252.093900384	0.0	0.0	0.0	0.0	0.0	0.0	0.0	0.0	5.0	5.0	0.0	0.0	0.0	0.0	0.0	0.0	0.0	0.0	0.0	0.0	116.1370861265734	0.0	5.737200000000003	87.65200000000002
237	Perylene, PDI	CC(C)(C)C1=CC(=C(C=C1)C(C)(C)C)N2C(=O)C3=C4C(=CC=C5C4=C(C=C3)C6=C7C5=CC=C8C7=C(C=C6)C(=O)N(C8=O)C9=C(C=CC(=C9)C(C)(C)C)C(C)(C)C)C2=O	50000	toluene	528.0	0.97	537.0	toluene	766.3770580800001	6.0	0.0	2.0	0.0	6.0	6.0	0.0	0.3076923076923077	9.0	9.0	0.0	0.0	2.0	2.0	0.0	0.0	0.0	0.0	0.0	0.0	336.9380296479117	78.14	11.131399999999987	243.56999999999925
238	Fluorescein 	C1=CC=C2C(=C1)C(=O)OC23C4=C(C=C(C=C4)O)OC5=C3C=CC(=C5)O	92300	ethanol(basic)	500.25	0.97	540.0	ethanol (basic)	332.068473484	5.0	2.0	0.0	2.0	5.0	5.0	0.0	0.05	5.0	3.0	2.0	0.0	2.0	0.0	0.0	2.0	1.0	0.0	0.0	0.0	142.24089351680936	75.99000000000001	3.665800000000002	88.02710000000002
239	2',7'-Dichlorofluorescein	C1=CC=C2C(=C1)C(=O)OC23C4=CC(=C(C=C4OC5=CC(=C(C=C35)Cl)O)O)Cl	75000	PBS	502.0	0.58	522.0	30% tris buffered (in DMSO)	399.9905287799999	5.0	2.0	0.0	2.0	5.0	7.0	0.0	0.05	5.0	3.0	2.0	0.0	2.0	0.0	0.0	2.0	1.0	0.0	0.0	0.0	162.8474259705727	75.99000000000001	4.972600000000003	98.04710000000001
240	3,4,5,6-Tetrachlorofluorescein	C1=CC2=C(C=C1O)OC3=C(C24C5=C(C(=C(C(=C5Cl)Cl)Cl)Cl)C(=O)O4)C=CC(=C3)O	65500	PBS	509.0	0.65	527.0	PBS	467.9125840759999	5.0	2.0	0.0	2.0	5.0	9.0	0.0	0.05	5.0	3.0	2.0	0.0	2.0	0.0	0.0	2.0	1.0	0.0	0.0	0.0	183.45395842433598	75.99000000000001	6.279400000000003	108.06709999999998
242	Eosin Y	C1=CC=C(C(=C1)C2=C3C=C(C(=O)C(=C3OC4=C(C(=C(C=C24)Br)[O-])Br)Br)Br)C(=O)[O-]	112000	ethanol (basic)	524.75	0.67	543.0	ethanol	641.6959688518201	5.0	0.0	2.0	0.0	5.0	9.0	0.0	0.0	4.0	2.0	2.0	0.0	1.0	0.0	0.0	1.0	0.0	0.0	0.0	0.0	196.75774200894645	93.4	5.051900000000002	119.1185
244	Erythrosine B	C1=CC=C2C(=C1)C(=O)OC23C4=CC(=C(C(=C4OC5=C(C(=C(C=C35)I)[O-])I)I)[O-])I	107000	ethanol	535.0	0.08	558.0	ethanol	833.64051245182	5.0	0.0	0.0	0.0	5.0	9.0	0.0	0.05	5.0	3.0	2.0	0.0	2.0	0.0	0.0	2.0	1.0	0.0	0.0	0.0	219.28824600098383	81.65	4.820200000000002	134.45749999999992
245	Rose bengal	C1=C2C(=C3C=C(C(=O)C(=C3OC2=C(C(=C1I)[O-])I)I)I)C4=C(C(=C(C(=C4Cl)Cl)Cl)Cl)C(=O)[O-]	90400	ethanol (basic)	559.0	0.11	571.5	ethanol (basic)	969.4846230438202	5.0	0.0	2.0	0.0	5.0	13.0	0.0	0.0	4.0	2.0	2.0	0.0	1.0	0.0	0.0	1.0	0.0	0.0	0.0	0.0	259.5479689780823	93.4	7.033899999999999	159.22649999999996
246	Xantphos	CC1(C2=C(C(=CC=C2)P(C3=CC=CC=C3)C4=CC=CC=C4)OC5=C1C=CC=C5P(C6=CC=CC=C6)C7=CC=CC=C7)C	23700	dichloromethane	261.0	0.16	333.0	dichloromethane	578.1928389039999	1.0	0.0	6.0	0.0	1.0	3.0	0.0	0.07692307692307693	7.0	6.0	1.0	0.0	1.0	0.0	0.0	1.0	0.0	0.0	0.0	0.0	250.918785330731	9.23	7.634600000000009	182.49799999999954
247	Rhodamine 123	COC(=O)C1=CC=CC=C1C2=C3C=CC(=N)C=C3OC4=C2C=CC(=C4)N.Cl	85700	ethanol	511.75	0.86	530.5	ethanol	380.09277008400005	5.0	3.0	2.0	2.0	5.0	6.0	0.0	0.047619047619047616	4.0	2.0	2.0	0.0	1.0	0.0	0.0	1.0	0.0	0.0	0.0	0.0	161.19438427467568	89.31	4.474670000000003	107.1266
248	Rhodamine B	CCN(CC)C1=CC2=C(C=C1)C(=C3C=CC(=[N+](CC)CC)C=C3O2)C4=CC=CC=C4C(=O)O	106000	ethanol	542.75	0.7	565.0	ethanol	443.23291927208993	5.0	1.0	7.0	1.0	3.0	5.0	0.0	0.2857142857142857	4.0	2.0	2.0	0.0	1.0	0.0	0.0	1.0	0.0	0.0	0.0	0.0	194.11646029197288	56.69	5.561000000000005	135.14329999999998
249	Sulforhodamine B	CCN(CC)C1=CC2=C(C=C1)C(=C3C=CC(=[N+](CC)CC)C=C3O2)C4=C(C=C(C=C4)S(=O)(=O)[O-])S(=O)(=O)[O-]	99000	ethanol	553.0	0.7	571.0	ethanol	557.1421668479098	9.0	0.0	8.0	0.0	8.0	11.0	0.0	0.2962962962962963	4.0	2.0	2.0	0.0	1.0	0.0	0.0	1.0	0.0	0.0	0.0	0.0	222.05303434541787	133.79	3.671000000000003	144.1103999999998
250	Rhodamine 6G	CCNC1=C(C=C2C(=C1)OC3=CC(=[NH+]CC)C(=CC3=C2C4=CC=CC=C4C(=O)OCC)C)C	116000	ethanol	529.75	0.95	552.0	ethanol	443.23291927209	5.0	2.0	6.0	2.0	4.0	5.0	0.0	0.2857142857142857	4.0	2.0	2.0	0.0	1.0	0.0	0.0	1.0	0.0	0.0	0.0	0.0	194.01582879609316	65.44	4.431140000000004	132.50489999999996
252	Sulforhodamine 101	C1CC2=C3C(=C4C(=C2)C(=C5C=C6CCC[N+]7=C6C(=C5O4)CCC7)C8=C(C=C(C=C8)S(=O)(=O)O)S(=O)(=O)[O-])CCCN3C1	110000	ethanol	576.0	0.9	591.0	ethanol	606.1494432999998	9.0	1.0	3.0	1.0	7.0	11.0	0.0	0.3870967741935484	8.0	3.0	5.0	0.0	5.0	0.0	0.0	5.0	0.0	0.0	0.0	0.0	243.80702511119756	127.05	2.2727000000000004	154.50779999999972
253	Dansylglycine  	CN(C)C1=CC=CC2=C1C=CC=C2S(=O)(=O)NCC(=O)O	4300	dioxane	338.5	0.66	495.5	dioxane	308.08307799199997	6.0	2.0	5.0	2.0	4.0	7.0	0.0	0.21428571428571427	2.0	2.0	0.0	0.0	0.0	0.0	0.0	0.0	0.0	0.0	0.0	0.0	122.5990637072849	86.71000000000001	1.2687000000000002	81.09930000000004
254	Lucifer Yellow CH	C1=C(C=C2C3=C1C(=O)N(C(=O)C3=CC(=C2N)S(=O)(=O)[O-])NC(=O)NN)S(=O)(=O)[O-]	24200	water	279.75	0.21	538.5	water	442.98526602782	14.0	6.0	3.0	4.0	11.0	16.0	4.0	0.0	3.0	2.0	1.0	0.0	1.0	0.0	0.0	1.0	0.0	0.0	0.0	0.0	161.42351263302018	244.95	-2.0858999999999996	90.64159999999998
255	Piroxicam	CN1C(=C(C2=CC=CC=C2S1(=O)=O)O)C(=O)NC3=CC=CC=N3	13000	hexane	325.0	0.035	476.0	hexane	331.062676896	7.0	2.0	2.0	2.0	5.0	8.0	1.0	0.06666666666666667	3.0	2.0	1.0	0.0	2.0	1.0	0.0	1.0	0.0	0.0	0.0	0.0	132.49870717684675	99.60000000000001	1.5810000000000002	83.80630000000004
256	1,2,3,4,5-Pentamethylcyclopentadiene	CC1C(=C(C(=C1C)C)C)C	12200	ethanol	249.0				136.125200512	0.0	0.0	0.0	0.0	0.0	0.0	0.0	0.6	1.0	0.0	1.0	0.0	0.0	0.0	0.0	0.0	0.0	0.0	0.0	0.0	63.63869283950127	0.0	3.308900000000002	45.91200000000003
257	Ethidium Bromide	CC[N+]1=C2C=C(C=CC2=C3C=CC(=CC3=C1C4=CC=CC=C4)N)N	56800	PBS	285.0	0.039	637.0	water	314.16517406009007	3.0	4.0	2.0	2.0	2.0	3.0	0.0	0.09523809523809523	4.0	4.0	0.0	0.0	1.0	1.0	0.0	0.0	0.0	0.0	0.0	0.0	140.6911114793919	55.92	4.131800000000003	101.58380000000001
258	4',6-Diamidino-2-phenylindole, [DAPI]	C1=CC(=CC=C1C2=CC3=C(N2)C=C(C=C3)C(=N)N)C(=N)N.Cl.Cl	27800	water	344.0	0.043	486.5	water	349.08610090400003	5.0	7.0	3.0	5.0	2.0	7.0	0.0	0.0	3.0	3.0	0.0	0.0	1.0	1.0	0.0	0.0	0.0	0.0	0.0	0.0	145.4658764047576	115.52999999999999	3.24664	100.26289999999999
259	Hoechst 33258 	CN1CCN(CC1)C2=CC3=C(C=C2)N=C(N3)C4=CC5=C(C=C4)N=C(N5)C6=CC=C(C=C6)O.Cl.Cl.Cl	40100	water	345.5	0.034	507.5	water	532.131192524	7.0	3.0	3.0	3.0	5.0	10.0	0.0	0.2	6.0	5.0	1.0	1.0	3.0	2.0	1.0	1.0	0.0	0.0	0.0	0.0	221.35859766772182	84.07	5.496000000000006	149.73619999999985
260	Squarylium dye III	CN(C)C1=CC=C(C=C1)C2=C(C(=C3C=CC(=[N+](C)C)C=C3)C2=O)[O-]	309000	dichloromethane	627.25	0.65	646.0	dichloromethane	320.15247787999994	4.0	0.0	2.0	0.0	3.0	4.0	0.0	0.2	3.0	1.0	2.0	0.0	0.0	0.0	0.0	0.0	0.0	0.0	0.0	0.0	141.59140178015258	46.379999999999995	1.5424	95.11740000000005
261	Ellagic Acid Dihydrate	C1=C2C3=C(C(=C1O)O)OC(=O)C4=CC(=C(C(=C43)OC2=O)O)O.O.O	35600	PBS	276.0				338.0273965199999	10.0	8.0	0.0	4.0	8.0	10.0	0.0	0.0	4.0	4.0	0.0	0.0	2.0	2.0	0.0	0.0	0.0	0.0	0.0	0.0	129.5265413085566	204.34	-0.3366	81.10479999999998
262	Betalamic Acid	C\1[C@H](NC(=C/C1=C/C=O)C(=O)O)C(=O)O	27000	water	424.0				211.048072388	6.0	3.0	3.0	3.0	4.0	6.0	0.0	0.2222222222222222	1.0	0.0	1.0	0.0	1.0	0.0	0.0	1.0	0.0	0.0	1.0	0.0	84.89664671323604	103.7	-0.4733000000000001	49.0423
263	Betanin	C\1[C@H](NC(=C/C1=C/C=[N+]2[C@@H](CC3=CC(=C(C=C32)O)O[C@H]4[C@@H]([C@H]([C@@H]([C@H](O4)CO)O)O)O)C(=O)[O-])C(=O)O)C(=O)O	65000	PBS	535.0				550.1434888919998	15.0	8.0	7.0	8.0	12.0	15.0	0.0	0.4166666666666667	4.0	1.0	3.0	1.0	3.0	0.0	1.0	3.0	0.0	0.0	7.0	0.0	219.32434458645628	249.37999999999997	-3.6982999999999935	123.96370000000006
264	Rutin trihydrate	C[C@H]1[C@@H]([C@H]([C@H]([C@@H](O1)OC[C@@H]2[C@H]([C@@H]([C@H]([C@@H](O2)OC3=C(OC4=CC(=CC(=C4C3=O)O)O)C5=CC(=C(C=C5)O)O)O)O)O)O)O)O	25000	methanol	205.0				610.1533848800001	16.0	10.0	6.0	10.0	16.0	16.0	0.0	0.4444444444444444	5.0	3.0	2.0	2.0	3.0	1.0	2.0	2.0	0.0	0.0	10.0	0.0	240.90066228703742	269.42999999999995	-1.6871000000000005	140.19600000000017
265	Hesperidin	C[C@H]1[C@@H]([C@H]([C@H]([C@@H](O1)OC[C@@H]2[C@H]([C@@H]([C@H]([C@@H](O2)OC3=CC(=C4C(=O)C[C@H](OC4=C3)C5=CC(=C(C=C5)OC)O)O)O)O)O)O)O)O	41700	methanol	203.0				610.1897703879999	15.0	8.0	7.0	8.0	15.0	15.0	0.0	0.5357142857142857	5.0	2.0	3.0	2.0	3.0	0.0	2.0	3.0	0.0	0.0	11.0	0.0	244.50674118997213	234.28999999999996	-1.1566	140.69890000000015
266	5-Phenyldipyrromethane	C1=CC=C(C=C1)C(C2=CC=CN2)C3=CC=CN3	36000	hexane	208.0				222.115698448	2.0	2.0	3.0	2.0	0.0	2.0	0.0	0.06666666666666667	3.0	3.0	0.0	0.0	2.0	2.0	0.0	0.0	0.0	0.0	0.0	0.0	100.32885448805023	31.58	3.5230000000000006	68.97240000000004
273	H2P	C1=CC2=CC3=CC=C(N3)C=C4C=CC(=N4)C=C5C=CC(=N5)C=C1N2	261000	toluene	396.25	0.043	683.0	toluene	310.12184644800004	4.0	2.0	0.0	2.0	2.0	4.0	0.0	0.0	5.0	3.0	2.0	0.0	5.0	3.0	0.0	2.0	0.0	8.0	0.0	0.0	137.80514955250612	57.36	4.655600000000002	98.85740000000003
274	MgP	CN1C=[N+](C2=C1C(=O)NC(=N2)N)[C@H]3[C@@H]([C@@H]([C@H](O3)COP(=O)(O)OP(=O)(O)OP(=O)(O)O)O)O	487000	toluene	402.0	0.058	629.0	propanol	538.0135865980898	19.0	9.0	8.0	8.0	13.0	22.0	0.0	0.5454545454545454	3.0	2.0	1.0	1.0	3.0	2.0	1.0	1.0	0.0	0.0	6.0	2.0	181.95476477281238	290.09	-2.906199999999998	101.6824
276	H2OEP	CCC1=C(C2=CC3=NC(=CC4=NC(=CC5=C(C(=C(N5)C=C1N2)CC)CC)C(=C4CC)CC)C(=C3CC)CC)CC	159000	benzene	400.0	0.13	623.0	benzene	534.372247472	4.0	2.0	8.0	2.0	2.0	4.0	0.0	0.4444444444444444	5.0	3.0	2.0	0.0	5.0	3.0	0.0	2.0	0.0	8.0	0.0	0.0	239.6442233828519	57.36	10.025999999999994	173.30539999999957
277	MgOEP	CCC1=C(C2=CC3=NC(=CC4=C(C(=C([N-]4)C=C5C(=C(C(=N5)C=C1[N-]2)CC)CC)CC)CC)C(=C3CC)CC)CC.[Mg+2]	408000	toluene	409.75	0.15	582.0	toluene	556.3416391080001	4.0	0.0	8.0	0.0	2.0	5.0	0.0	0.4444444444444444	5.0	3.0	2.0	0.0	5.0	3.0	0.0	2.0	0.0	8.0	0.0	0.0	261.9141191909482	53.980000000000004	8.903400000000003	176.9979999999995
278	CuOEP	CCC1=C(C2=CC3=NC(=CC4=NC(=CC5=C(C(=C([N-]5)C=C1[N-]2)CC)CC)C(=C4CC)CC)C(=C3CC)CC)CC.[Cu+2]	347000	toluene	400.0				595.286194908	4.0	0.0	8.0	0.0	2.0	5.0	0.0	0.4444444444444444	5.0	3.0	2.0	0.0	5.0	3.0	0.0	2.0	0.0	8.0	0.0	0.0	256.23984365507266	53.980000000000004	9.281699999999999	171.24399999999955
279	ZnOEP	CCC1=C(C2=CC3=NC(=CC4=C(C(=C([N-]4)C=C5C(=C(C(=N5)C=C1[N-]2)CC)CC)CC)CC)C(=C3CC)CC)CC.[Zn+2]	417000	toluene	404.25	0.045	571.0	benzene	596.2857396080001	4.0	0.0	8.0	0.0	2.0	5.0	0.0	0.4444444444444444	5.0	3.0	2.0	0.0	5.0	3.0	0.0	2.0	0.0	8.0	0.0	0.0	258.5275514254168	53.980000000000004	9.2817	171.24399999999955
280	H2TPP	C1=CC=C(C=C1)C2=C3C=CC(=C(C4=NC(=C(C5=CC=C(N5)C(=C6C=CC2=N6)C7=CC=CC=C7)C8=CC=CC=C8)C=C4)C9=CC=CC=C9)N3	443000	toluene	419.25	0.11	649.0	toluene	614.24704696	4.0	2.0	4.0	2.0	2.0	4.0	0.0	0.0	9.0	7.0	2.0	0.0	5.0	3.0	0.0	2.0	0.0	8.0	0.0	0.0	278.03352637676215	57.36	11.323599999999988	200.60139999999961
282	ZnTPP	C1=CC=C(C=C1)C2=C3C=CC(=C(C4=NC(=C(C5=CC=C([N-]5)C(=C6C=CC2=N6)C7=CC=CC=C7)C8=CC=CC=C8)C=C4)C9=CC=CC=C9)[N-]3.[Zn+2]	574000	toluene	422.75	0.033	645.0	toluene	676.160539096	4.0	0.0	4.0	0.0	2.0	5.0	0.0	0.0	9.0	7.0	2.0	0.0	5.0	3.0	0.0	2.0	0.0	8.0	0.0	0.0	296.916854419327	53.980000000000004	10.579299999999991	198.53999999999957
283	H2TMP	CC1=CC(=C(C(=C1)C)C2=C3C=CC(=C(C4=NC(=C(C5=CC=C(N5)C(=C6C=CC2=N6)C7=C(C=C(C=C7C)C)C)C8=C(C=C(C=C8C)C)C)C=C4)C9=C(C=C(C=C9C)C)C)N3)C	427000	toluene	419.0	0.08800000000000001	721.0	toluene	782.434847728	4.0	2.0	4.0	2.0	2.0	4.0	0.0	0.21428571428571427	9.0	7.0	2.0	0.0	5.0	3.0	0.0	2.0	0.0	8.0	0.0	0.0	354.41283174952144	57.36	15.024639999999968	257.4453999999993
286	H2TTP	CC1=CC=C(C=C1)C2=C3C=CC(=C(C4=NC(=C(C5=CC=C(N5)C(=C6C=CC2=N6)C7=CC=C(C=C7)C)C8=CC=C(C=C8)C)C=C4)C9=CC=C(C=C9)C)N3	495000	toluene	420.0	0.12	654.0	benzene	670.309647216	4.0	2.0	4.0	2.0	2.0	4.0	0.0	0.08333333333333333	9.0	7.0	2.0	0.0	5.0	3.0	0.0	2.0	0.0	8.0	0.0	0.0	303.4932948343486	57.36	12.557279999999983	219.54939999999948
288	(ODC)H2P	C1=CC(=C(C(=C1)Cl)C2=C3C=CC(=C(C4=NC(=C(C5=CC=C(N5)C(=C6C=CC2=N6)C7=C(C=CC=C7Cl)Cl)C8=C(C=CC=C8Cl)Cl)C=C4)C9=C(C=CC=C9Cl)Cl)N3)Cl	299000	benzene	419.0	0.0019	716.0	toluene	885.9352681440004	4.0	2.0	4.0	2.0	2.0	12.0	0.0	0.0	9.0	7.0	2.0	0.0	5.0	3.0	0.0	2.0	0.0	8.0	0.0	0.0	360.4596561918155	57.36	16.550799999999988	240.68139999999977
289	C6F5-H2P	C1=CC2=C(C3=NC(=C(C4=CC=C(N4)C(=C5C=CC(=N5)C(=C1N2)C6=C(C(=C(C(=C6F)F)F)F)F)C7=C(C(=C(C(=C7F)F)F)F)F)C8=C(C(=C(C(=C8F)F)F)F)F)C=C3)C9=C(C(=C(C(=C9F)F)F)F)F	236900	toluene	417.0	0.032	712.0	benzene	974.0586107200002	4.0	2.0	4.0	2.0	2.0	24.0	0.0	0.0	9.0	7.0	2.0	0.0	5.0	3.0	0.0	2.0	0.0	8.0	0.0	0.0	361.3442344352871	57.36	14.105599999999992	199.7614000000001
293	Protoporphyrin IX dimethyl ester	CC1=C(C2=CC3=C(C(=C(N3)C=C4C(=C(C(=N4)C=C5C(=C(C(=N5)C=C1N2)C)CCC(=O)OC)CCC(=O)OC)C)C=C)C)C=C	166000	chloroform	408.0	0.1	633.0	methanol	590.289305696	8.0	2.0	8.0	2.0	6.0	8.0	0.0	0.2777777777777778	5.0	3.0	2.0	0.0	5.0	3.0	0.0	2.0	0.0	8.0	0.0	0.0	256.8151519775847	109.96000000000002	7.985440000000008	178.1333999999996
294	Hematin	CC1=C(C2=CC3=NC(=CC4=C(C(=C([N-]4)C=C5C(=C(C(=N5)C=C1[N-]2)C=C)C)C)CCC(=O)O)C(=C3C)CCC(=O)O)C=C.O.[Fe+2]	85000	acetic acid	385.9				634.187857688	9.0	4.0	8.0	2.0	4.0	10.0	0.0	0.23529411764705882	5.0	3.0	2.0	0.0	5.0	3.0	0.0	2.0	0.0	8.0	0.0	0.0	265.52301849480483	160.08	5.935040000000007	170.11839999999972
295	Tetrabenzoporphine	C1=CC=C2C(=C1)C3=CC4=NC(=CC5=C6C=CC=CC6=C(N5)C=C7C8=CC=CC=C8C(=N7)C=C2N3)C9=CC=CC=C94	66100	dimethylformamide	429.0	0.41	663.0	dimethylformamide	510.18444670400004	4.0	2.0	0.0	2.0	2.0	4.0	0.0	0.0	9.0	7.0	2.0	0.0	5.0	3.0	0.0	2.0	0.0	8.0	0.0	0.0	229.20210463488664	57.36	9.2892	164.87339999999972
307	Ph-Corrole	C1=CC=C(C=C1)C2=C3C=CC(=C(C4=CC=C(N4)C5=CC=C(N5)C(=C6C=CC2=N6)C7=CC=CC=C7)C8=CC=CC=C8)N3	110000	dichloromethane	416.0	0.14	671.0	dichloromethane	526.215746832	4.0	3.0	3.0	3.0	1.0	4.0	0.0	0.0	8.0	7.0	1.0	0.0	5.0	4.0	0.0	1.0	0.0	8.0	0.0	0.0	236.59218397955695	60.26	9.696899999999998	171.4850999999997
308	C6F5-Corrole	C1=CC2=C(C3=CC=C(N3)C4=CC=C(N4)C(=C5C=CC(=N5)C(=C1N2)C6=C(C(=C(C(=C6F)F)F)F)F)C7=C(C(=C(C(=C7F)F)F)F)F)C8=C(C(=C(C(=C8F)F)F)F)F	114000	dichloromethane	408.0	0.11	644.0	dichloromethane	796.0744196520001	4.0	3.0	3.0	3.0	1.0	19.0	0.0	0.0	8.0	7.0	1.0	0.0	5.0	4.0	0.0	1.0	0.0	8.0	0.0	0.0	299.0752150234507	60.26	11.783399999999995	170.85510000000005
309	Sapphyrin	C1=CC2=CC3=CC=C(N3)C=C4C=CC(=N4)C5=NC(=CC6=CC=C(N6)C=C1N2)C=C5	74900	dichloromethane	491.0				375.1483955440001	5.0	3.0	0.0	3.0	2.0	5.0	0.0	0.0	6.0	4.0	2.0	0.0	6.0	4.0	0.0	2.0	0.0	10.0	0.0	0.0	165.71694962512007	73.15	5.699100000000003	119.52810000000001
310	Bilirubin	CC1=C(NC(=C1CCC(=O)O)CC2=C(C(=C(N2)/C=C\3/C(=C(C(=O)N3)C)C=C)C)CCC(=O)O)/C=C\4/C(=C(C(=O)N4)C=C)C	55000	chloroform	450.75				584.2634848719999	10.0	6.0	12.0	6.0	4.0	10.0	2.0	0.2727272727272727	4.0	2.0	2.0	0.0	4.0	2.0	0.0	2.0	0.0	0.0	0.0	0.0	249.21537079912395	164.37999999999997	4.531240000000004	163.8123999999998
311	Biliverdin dimethyl ester	CC1=C(C(=CC2=C(C(=C(N2)C=C3C(=C(C(=O)N3)C)C=C)C)CCC(=O)OC)NC1=CC4=NC(=O)C(=C4C)C=C)CCC(=O)OC	56200	ethanol	377.0				610.2791349360001	10.0	3.0	11.0	3.0	6.0	10.0	2.0	0.2857142857142857	4.0	2.0	2.0	0.0	4.0	2.0	0.0	2.0	0.0	0.0	0.0	0.0	261.2397352526068	142.70999999999998	3.2370400000000012	173.37109999999967
312	Cyanocobalamin	CC1=CC2=C(C=C1C)N(C=N2)[C@@H]3[C@@H]([C@@H]([C@H](O3)CO)OP(=O)([O-])O[C@H](C)CNC(=O)CC[C@@]4([C@H]([C@@H]5[C@]6([C@@]([C@@H](/C(=C(/C7=N/C(=C\C8=N/C(=C(\C4=N5)/C)/[C@H](C8(C)C)CCC(=O)N)/[C@H]([C@]7(C)CC(=O)N)CCC(=O)N)\C)/[N-]6)CCC(=O)N)(C)CC(=O)N)C)CC(=O)N)C)O.[C-]#N.[Co+3]	27500	borate buffer (pH 10)	361.0				1354.5674001259993	28.0	15.0	26.0	9.0	20.0	30.0	7.0	0.6190476190476191	8.0	2.0	6.0	2.0	7.0	1.0	2.0	6.0	0.0	8.0	15.0	1.0	551.0318925714932	488.71000000000004	3.409210000000012	336.5692000000005
313	H2Pc	C1=CC=C2C(=C1)C3=NC4=NC(=NC5=C6C=CC=CC6=C(N5)N=C7C8=CC=CC=C8C(=N7)N=C2N3)C9=CC=CC=C94	162000	chloronaphthalene	698.5	0.6	701.0	chloronaphthalene	514.1654425760001	8.0	2.0	0.0	2.0	6.0	8.0	0.0	0.0	9.0	7.0	2.0	0.0	5.0	3.0	0.0	2.0	0.0	8.0	0.0	0.0	226.0806965586727	108.91999999999999	6.869200000000005	156.05339999999978
314	MgPc	C1=CC=C2C(=C1)C3=NC4=NC(=NC5=C6C=CC=CC6=C([N-]5)N=C7C8=CC=CC=C8C(=N7)N=C2[N-]3)C9=CC=CC=C94.[Mg+2]	87100	pyridine	674.0	0.48	678.0	chloronaphthalene	536.1348342120001	8.0	0.0	0.0	0.0	6.0	9.0	0.0	0.0	9.0	7.0	2.0	0.0	5.0	3.0	0.0	2.0	0.0	8.0	0.0	0.0	248.35059236676895	105.53999999999999	5.746600000000005	159.74599999999975
316	ZnPc	C1=CC=C2C(=C1)C3=NC4=NC(=NC5=C6C=CC=CC6=C([N-]5)N=C7C8=CC=CC=C8C(=N7)N=C2[N-]3)C9=CC=CC=C94.[Zn+2]	281800	pyridine	674.0	0.3	678.5	pyridine	576.0789347120001	8.0	0.0	0.0	0.0	6.0	9.0	0.0	0.0	9.0	7.0	2.0	0.0	5.0	3.0	0.0	2.0	0.0	8.0	0.0	0.0	244.96402460123755	105.53999999999999	6.124900000000005	153.99199999999976
322	H2N4P(tBu)	CC(C)(C)C1=CC2=NC3=C(C=C(N3)N=C4C(=CC(=N4)N=C5C(=CC(=N5)N=C1N2)C(C)(C)C)C(C)(C)C)C(C)(C)C	72600	chlorobenzene	624.38	0.21	626.0	chloroform	538.353243344	8.0	2.0	0.0	2.0	6.0	8.0	0.0	0.5	5.0	3.0	2.0	0.0	5.0	3.0	0.0	2.0	0.0	8.0	0.0	0.0	236.52281530663794	108.91999999999999	7.663200000000007	164.23339999999968
324	Chlorophyll a  	CCC1=C(C2=NC1=CC3=C(C4=C([N-]3)C(=C5[C@H]([C@@H](C(=N5)C=C6C(=C(C(=C2)[N-]6)C=C)C)C)CCC(=O)OC/C=C(\C)/CCC[C@H](C)CCC[C@H](C)CCCC(C)C)[C@H](C4=O)C(=O)OC)C)C.[Mg+2]	111700	diethyl ether	429.0	0.32	666.0	diethyl ether	892.535313104	9.0	0.0	20.0	0.0	7.0	10.0	0.0	0.5454545454545454	6.0	3.0	3.0	0.0	5.0	3.0	0.0	2.0	0.0	8.0	5.0	0.0	403.86424193791515	123.65000000000002	12.841739999999982	265.95049999999924
325	Chlorophyll b	CCC1=C(C2=NC1=CC3=C(C4=C([N-]3)C(=C5[C@H]([C@@H](C(=N5)C=C6C(=C(C(=C2)[N-]6)C=C)C)C)CCC(=O)OC/C=C(\C)/CCC[C@H](C)CCC[C@H](C)CCCC(C)C)[C@H](C4=O)C(=O)OC)C)C=O.[Mg+2]	160000	diethyl ether	453.0	0.117	644.0	diethyl ether	906.5145776600001	10.0	0.0	21.0	0.0	8.0	11.0	0.0	0.5272727272727272	6.0	3.0	3.0	0.0	5.0	3.0	0.0	2.0	0.0	8.0	5.0	0.0	408.02576403795894	140.72000000000003	12.020739999999988	266.3404999999993
326	Pheophorbide a	CCC1=C(C2=NC1=CC3=C(C4=C([C@@H](C(=C5[C@H]([C@@H](C(=CC6=NC(=C2)C(=C6C)C=C)N5)C)CCC(=O)O)C4=N3)C(=O)OC)O)C)C	93000	ethanol	410.0	0.28	675.0	ethanol	592.268570252	9.0	3.0	6.0	3.0	8.0	9.0	0.0	0.34285714285714286	6.0	0.0	6.0	1.0	5.0	0.0	1.0	5.0	0.0	8.0	3.0	0.0	256.1667552816554	132.94	6.1078000000000054	169.98829999999964
327	Pyropheophorbide a	CCC1=C(C2=NC1=CC3=C(C4=C(CC(=C5[C@H]([C@@H](C(=CC6=NC(=C2)C(=C6C)C=C)N5)C)CCC(=O)O)C4=N3)O)C)C	105000	dichloromethane	413.0	0.31	675.0	dimethylformamide	534.263090948	7.0	3.0	5.0	3.0	6.0	7.0	0.0	0.3333333333333333	6.0	0.0	6.0	1.0	5.0	0.0	1.0	5.0	0.0	8.0	2.0	0.0	234.16180372331155	106.64	6.7087000000000065	159.09929999999977
328	Pyropheophorbide a methyl ester	CCC1=C(C2=NC1=CC3=C(C4=C(CC(=C5[C@@H]([C@H](C(=CC6=NC(=C2)C(=C6C)C=C)N5)C)CCC(=O)OC)C4=N3)O)C)C	108000	dichloromethane	414.0	0.21	676.0	dichloromethane	548.278741012	7.0	2.0	5.0	2.0	7.0	7.0	0.0	0.35294117647058826	6.0	0.0	6.0	1.0	5.0	0.0	1.0	5.0	0.0	8.0	2.0	0.0	240.84605731501904	95.64	6.797100000000007	163.4794999999997
329	Chlorin e6 	CCC1=C2C=C3C(=C(C(=N3)C(=C4[C@H]([C@@H](C(=N4)C=C5C(=C(C(=CC(=C1C)N2)N5)C=C)C)C)CCC(=O)O)CC(=O)O)C(=O)O)C	169000	ethanol	401.0	0.16	668.0	ethanol	596.263484872	10.0	5.0	8.0	5.0	5.0	10.0	0.0	0.3235294117647059	5.0	3.0	2.0	0.0	5.0	3.0	0.0	2.0	0.0	8.0	2.0	0.0	253.781606710778	169.26	6.531540000000005	169.4337999999997
330	Purpurin 18	CCC1=C(C2=NC1=CC3=C(C4=C(N3)C(=C5[C@H]([C@@H](C(=CC6=NC(=C2)C(=C6C)C=C)N5)C)CCC(=O)O)C(=O)OC4=O)C)C	83200	toluene	413.0	0.08	708.0	toluene	564.2372701239999	9.0	3.0	5.0	3.0	6.0	9.0	0.0	0.30303030303030304	6.0	3.0	3.0	0.0	6.0	3.0	0.0	3.0	0.0	8.0	2.0	0.0	240.94806729021715	141.94000000000003	6.4595200000000075	164.03419999999971
339	Bacteriochlorophyll a	CC[C@@H]1[C@H](C2=NC1=CC3=C(C4=C([N-]3)C(=C5[C@H]([C@@H](C(=N5)C=C6C(=C(C(=C2)[N-]6)C(=O)C)C)C)CCC(=O)OC/C=C(\C)/CCC[C@H](C)CCC[C@H](C)CCCC(C)C)[C@H](C4=O)C(=O)OC)C)C.[Mg+2]	92000	toluene	780.2	0.2	791.0	toluene	910.5458777880001	10.0	0.0	20.0	0.0	8.0	11.0	0.0	0.6	6.0	3.0	3.0	0.0	5.0	3.0	0.0	2.0	0.0	8.0	7.0	0.0	409.4049701023274	140.72	12.357939999999983	264.53199999999924
